-0.976841,0.633461,1.028467,0.000064,-0.711610,0.702574,0.000020
-0.976833,0.633396,1.028450,0.000016,0.711568,-0.702617,0.000095
-0.976840,0.633425,1.028451,0.000008,0.711572,-0.702613,0.000061
-0.976834,0.633441,1.028448,0.000008,0.711623,-0.702562,0.000027
-0.976859,0.633427,1.028464,0.000076,0.711585,-0.702600,0.000028
-0.976823,0.633427,1.028464,0.000052,-0.711589,0.702596,-0.000052
-0.976845,0.633449,1.028446,0.000035,-0.711610,0.702574,-0.000052
-0.976837,0.633436,1.028472,0.000064,-0.711589,0.702596,0.000011
-0.976845,0.633448,1.028457,0.000047,-0.711589,0.702596,0.000079
-0.976832,0.633453,1.028463,0.000073,-0.711602,0.702583,-0.000005
-0.976826,0.633448,1.028475,0.000153,-0.711597,0.702587,0.000033
-0.976801,0.633419,1.028421,0.000068,-0.711551,0.702635,0.000075
-0.976792,0.633428,1.028462,0.000085,-0.711596,0.702589,0.000050
-0.976772,0.633410,1.028445,0.000077,-0.711553,0.702632,0.000016
-0.976732,0.633386,1.028427,0.000081,-0.711526,0.702660,0.000037
-0.976721,0.633409,1.028390,0.000042,0.711517,-0.702669,-0.000049
-0.976670,0.633410,1.028410,0.000013,-0.711563,0.702623,0.000003
-0.976605,0.633379,1.028412,0.000022,-0.711541,0.702645,-0.000006
-0.976562,0.633393,1.028406,0.000043,-0.711527,0.702659,-0.000001
-0.976472,0.633405,1.028421,0.000047,-0.711534,0.702651,0.000003
-0.976434,0.633417,1.028444,0.000115,-0.711515,0.702671,0.000012
-0.976335,0.633404,1.028370,0.000072,-0.711537,0.702648,0.000122
-0.976274,0.633381,1.028397,0.000110,-0.711504,0.702682,0.000084
-0.976172,0.633381,1.028378,0.000161,-0.711509,0.702677,0.000076
-0.976136,0.633359,1.028370,0.000097,-0.711489,0.702698,0.000037
-0.976039,0.633396,1.028360,0.000161,-0.711538,0.702648,0.000034
-0.976041,0.633437,1.028375,0.000148,-0.711498,0.702688,0.000004
-0.975919,0.633410,1.028325,0.000174,-0.711521,0.702665,-0.000021
-0.975972,0.633476,1.028283,0.000097,-0.711501,0.702685,0.000013
-0.975861,0.633546,1.028334,0.000186,-0.711591,0.702594,-0.000042
-0.975881,0.633564,1.028302,0.000139,-0.711546,0.702639,-0.000021
-0.975720,0.633550,1.028306,0.000182,-0.711546,0.702639,-0.000097
-0.975689,0.633539,1.028271,0.000241,-0.711479,0.702707,0.000014
-0.975448,0.633447,1.028225,0.000228,-0.711456,0.702731,-0.000024
-0.975344,0.633397,1.028189,0.000211,-0.711394,0.702793,-0.000049
-0.975085,0.633379,1.028145,0.000185,-0.711384,0.702803,0.000027
-0.974981,0.633359,1.028149,0.000210,-0.711349,0.702839,-0.000006
-0.974688,0.633317,1.028070,0.000193,-0.711306,0.702882,0.000053
-0.974679,0.633406,1.028081,0.000171,-0.711367,0.702820,-0.000002
-0.974390,0.633493,1.028071,0.000303,-0.711369,0.702819,-0.000030
-0.974328,0.633475,1.028046,0.000265,-0.711363,0.702824,-0.000094
-0.973991,0.633420,1.028018,0.000298,-0.711261,0.702928,-0.000101
-0.973922,0.633363,1.027981,0.000294,-0.711245,0.702944,-0.000114
-0.973597,0.633386,1.027969,0.000340,-0.711207,0.702982,-0.000125
-0.973568,0.633425,1.027948,0.000415,-0.711227,0.702962,-0.000065
-0.973224,0.633458,1.027874,0.000435,-0.711175,0.703015,-0.000001
-0.973219,0.633521,1.027790,0.000401,-0.711191,0.702998,0.000084
-0.972729,0.633498,1.027728,0.000464,-0.711183,0.703007,0.000038
-0.972697,0.633527,1.027690,0.000472,-0.711177,0.703013,0.000065
-0.972225,0.633508,1.027620,0.000411,-0.711166,0.703024,0.000108
-0.972178,0.633631,1.027480,0.000410,-0.711185,0.703005,0.000193
-0.971634,0.633619,1.027468,0.000385,-0.711173,0.703017,0.000084
-0.971550,0.633618,1.027333,0.000384,-0.711155,0.703035,0.000092
-0.970991,0.633634,1.027309,0.000387,-0.711067,0.703124,0.000089
-0.970943,0.633472,1.027238,0.000446,-0.710979,0.703213,0.000073
-0.970374,0.633451,1.027258,0.000568,-0.710888,0.703305,0.000012
-0.970331,0.633379,1.027291,0.000686,-0.710841,0.703352,0.000013
-0.969679,0.633194,1.027219,0.000728,-0.710662,0.703533,-0.000036
-0.969667,0.633112,1.027180,0.000731,-0.710586,0.703610,0.000003
-0.969010,0.633051,1.026989,0.000704,-0.710484,0.703713,-0.000013
-0.969012,0.633169,1.026943,0.000759,-0.710542,0.703654,0.000035
-0.968254,0.633151,1.026810,0.000681,-0.710494,0.703703,0.000061
-0.968289,0.633267,1.026688,0.000718,-0.710556,0.703641,0.000067
-0.967448,0.633311,1.026615,0.000746,-0.710464,0.703734,0.000082
-0.967450,0.633431,1.026423,0.000731,-0.710486,0.703711,0.000138
-0.966559,0.633600,1.026428,0.000908,-0.710504,0.703692,0.000099
-0.966521,0.633586,1.026392,0.000895,-0.710494,0.703703,0.000078
-0.965601,0.633687,1.026252,0.001020,-0.710481,0.703716,0.000090
-0.965578,0.633740,1.026335,0.001134,-0.710490,0.703706,-0.000022
-0.964527,0.633619,1.026211,0.001238,-0.710380,0.703817,-0.000048
-0.964558,0.633747,1.026079,0.001185,-0.710360,0.703837,0.000020
-0.963510,0.633436,1.025756,0.001064,-0.710133,0.704066,0.000072
-0.963565,0.633407,1.025649,0.001091,-0.710051,0.704149,0.000146
-0.962377,0.633084,1.025664,0.001183,-0.709749,0.704454,0.000030
-0.962523,0.633157,1.025482,0.001258,-0.709774,0.704428,0.000075
-0.961333,0.633109,1.025426,0.001374,-0.709621,0.704582,0.000045
-0.961459,0.633220,1.025282,0.001407,-0.709682,0.704520,0.000030
-0.960257,0.633272,1.025296,0.001595,-0.709612,0.704591,-0.000012
-0.960360,0.633272,1.025249,0.001606,-0.709575,0.704628,-0.000014
-0.959090,0.633337,1.025070,0.001726,-0.709554,0.704649,-0.000023
-0.959175,0.633370,1.024814,0.001605,-0.709505,0.704698,0.000097
-0.957753,0.633154,1.024587,0.001751,-0.709273,0.704932,0.000080
-0.957826,0.633114,1.024375,0.001612,-0.709169,0.705037,0.000183
-0.956400,0.632908,1.024257,0.001702,-0.708918,0.705288,0.000144
-0.956495,0.633049,1.024215,0.001837,-0.708974,0.705232,0.000055
-0.954963,0.632970,1.024094,0.001944,-0.708803,0.705404,0.000018
-0.955162,0.633246,1.023930,0.001963,-0.708910,0.705296,0.000033
-0.953720,0.633277,1.024027,0.002254,-0.708825,0.705381,-0.000142
-0.953887,0.633421,1.023868,0.002234,-0.708844,0.705361,-0.000071
-0.952355,0.633398,1.023616,0.002264,-0.708723,0.705483,-0.000067
-0.952497,0.633403,1.023561,0.002363,-0.708673,0.705533,-0.000089
-0.950881,0.633128,1.023254,0.002364,-0.708404,0.705803,-0.000098
-0.950965,0.633119,1.023104,0.002412,-0.708344,0.705864,-0.000043
-0.949337,0.632941,1.022906,0.002511,-0.708087,0.706121,-0.000064
-0.949443,0.633148,1.022759,0.002567,-0.708116,0.706091,-0.000034
-0.947783,0.633062,1.022549,0.002686,-0.707955,0.706253,0.000010
-0.947830,0.633181,1.022298,0.002644,-0.707976,0.706232,0.000119
-0.946088,0.633049,1.022099,0.002844,-0.707756,0.706452,0.000125
-0.946140,0.633240,1.022034,0.002969,-0.707772,0.706435,0.000054
-0.944410,0.633109,1.021933,0.003119,-0.707588,0.706618,-0.000067
-0.944417,0.633381,1.021681,0.003111,-0.707679,0.706527,0.000026
-0.942758,0.633279,1.021409,0.003139,-0.707415,0.706791,-0.000024
-0.942731,0.633515,1.021175,0.003199,-0.707445,0.706762,0.000027
-0.941035,0.633309,1.020695,0.003091,-0.707234,0.706973,0.000183
-0.940918,0.633479,1.020442,0.003105,-0.707290,0.706917,0.000220
-0.939119,0.633113,1.020415,0.003396,-0.706926,0.707279,0.000071
-0.938995,0.633341,1.020445,0.003646,-0.706935,0.707269,-0.000086
-0.937051,0.632935,1.020273,0.003855,-0.706513,0.707689,-0.000105
-0.936816,0.633064,1.020206,0.003998,-0.706495,0.707707,-0.000125
-0.935055,0.632870,1.020039,0.004211,-0.706256,0.707944,-0.000181
-0.934767,0.633096,1.019754,0.004191,-0.706289,0.707911,-0.000067
-0.933009,0.632630,1.019290,0.004190,-0.705874,0.708325,0.000059
-0.932638,0.632818,1.019156,0.004252,-0.705893,0.708305,0.000059
-0.930971,0.632626,1.018932,0.004411,-0.705650,0.708547,-0.000011
-0.930449,0.632643,1.018616,0.004371,-0.705565,0.708631,0.000038
-0.928713,0.632765,1.018422,0.004568,-0.705418,0.708777,-0.000009
-0.928150,0.633220,1.018366,0.004690,-0.705535,0.708659,-0.000041
-0.926219,0.633271,1.018262,0.004987,-0.705365,0.708827,-0.000151
-0.925625,0.633716,1.017938,0.004941,-0.705481,0.708712,-0.000046
-0.923650,0.633752,1.017501,0.005040,-0.705318,0.708873,-0.000015
-0.922959,0.634336,1.017204,0.005047,-0.705495,0.708697,0.000040
-0.921136,0.634113,1.016773,0.005183,-0.705175,0.709014,0.000109
-0.920279,0.634436,1.016563,0.005270,-0.705208,0.708981,0.000152
-0.918589,0.634205,1.016215,0.005464,-0.704900,0.709286,0.000166
-0.917518,0.634261,1.015901,0.005479,-0.704810,0.709375,0.000211
-0.915679,0.633696,1.015703,0.005685,-0.704352,0.709828,0.000071
-0.914504,0.633397,1.015583,0.005921,-0.704095,0.710081,0.000094
-0.912610,0.632504,1.015493,0.006262,-0.703436,0.710731,-0.000062
-0.911445,0.632025,1.015426,0.006376,-0.703114,0.711049,-0.000098
-0.909582,0.631365,1.015088,0.006499,-0.702600,0.711555,-0.000160
-0.908421,0.631251,1.014789,0.006501,-0.702374,0.711778,-0.000061
-0.906704,0.631103,1.014153,0.006519,-0.702154,0.711995,0.000088
-0.905497,0.631543,1.013714,0.006471,-0.702208,0.711943,0.000129
-0.903798,0.631457,1.013306,0.006623,-0.701937,0.712208,0.000167
-0.902411,0.632251,1.013027,0.006746,-0.702122,0.712025,0.000103
-0.900669,0.632591,1.012862,0.007029,-0.702100,0.712044,-0.000025
-0.899114,0.633092,1.012625,0.007198,-0.702170,0.711973,-0.000009
-0.897201,0.633303,1.012368,0.007454,-0.702064,0.712075,-0.000121
-0.895573,0.633726,1.012285,0.007697,-0.702090,0.712047,-0.000201
-0.893578,0.633430,1.011875,0.007925,-0.701679,0.712450,-0.000137
-0.891892,0.633560,1.011537,0.008029,-0.701574,0.712551,-0.000071
-0.889983,0.632988,1.010930,0.008051,-0.701090,0.713028,0.000097
-0.888339,0.633029,1.010533,0.008170,-0.700949,0.713165,0.000109
-0.886587,0.632580,1.010105,0.008279,-0.700481,0.713623,0.000153
-0.885038,0.632847,1.009831,0.008425,-0.700453,0.713648,0.000064
-0.883242,0.632497,1.009503,0.008543,-0.700045,0.714047,0.000099
-0.881674,0.632801,1.009319,0.008791,-0.700021,0.714068,0.000030
-0.879778,0.632360,1.008965,0.009024,-0.699625,0.714453,0.000020
-0.878013,0.632280,1.008690,0.009185,-0.699399,0.714673,0.000049
-0.876041,0.631942,1.008272,0.009407,-0.698972,0.715087,-0.000041
-0.874215,0.631918,1.007991,0.009496,-0.698736,0.715316,-0.000043
-0.872179,0.631864,1.007466,0.009650,-0.698488,0.715556,-0.000057
-0.870278,0.632181,1.007040,0.009777,-0.698449,0.715593,-0.000044
-0.868194,0.632347,1.006481,0.009974,-0.698211,0.715823,0.000077
-0.866212,0.632887,1.006107,0.010165,-0.698254,0.715778,0.000080
-0.864065,0.632902,1.005677,0.010440,-0.698044,0.715979,0.000150
-0.862055,0.633265,1.005365,0.010635,-0.697979,0.716039,0.000122
-0.859859,0.633143,1.004913,0.010862,-0.697720,0.716289,0.000028
-0.857868,0.633309,1.004708,0.011050,-0.697563,0.716438,-0.000001
-0.855642,0.632489,1.004107,0.011206,-0.696894,0.717086,0.000027
-0.853581,0.632292,1.003830,0.011403,-0.696568,0.717400,-0.000038
-0.851349,0.632171,1.003419,0.011657,-0.696213,0.717740,-0.000008
-0.849252,0.632455,1.003052,0.011777,-0.696159,0.717791,-0.000055
-0.847053,0.632182,1.002558,0.012010,-0.695766,0.718168,-0.000031
-0.845000,0.631981,1.002124,0.012137,-0.695480,0.718443,-0.000031
-0.842845,0.631485,1.001463,0.012318,-0.694983,0.718920,0.000041
-0.840760,0.631402,1.001161,0.012522,-0.694719,0.719173,0.000044
-0.838549,0.631121,1.000570,0.012738,-0.694311,0.719562,0.000068
-0.836411,0.631124,1.000277,0.012950,-0.694055,0.719805,0.000106
-0.834093,0.630889,0.999720,0.013230,-0.693687,0.720155,0.000092
-0.831911,0.630832,0.999468,0.013470,-0.693416,0.720411,-0.000039
-0.829490,0.630813,0.999122,0.013866,-0.693089,0.720718,-0.000103
-0.827227,0.631160,0.998737,0.014074,-0.693004,0.720796,-0.000084
-0.824770,0.631138,0.998046,0.014222,-0.692688,0.721097,-0.000043
-0.822398,0.631417,0.997578,0.014357,-0.692550,0.721227,-0.000013
-0.819871,0.631240,0.996901,0.014527,-0.692226,0.721535,0.000005
-0.817425,0.631289,0.996479,0.014662,-0.692001,0.721747,0.000041
-0.814820,0.630936,0.995797,0.014917,-0.691535,0.722189,0.000050
-0.812353,0.630912,0.995369,0.015072,-0.691274,0.722435,0.000158
-0.809725,0.630656,0.994802,0.015454,-0.690776,0.722903,0.000147
-0.807231,0.630673,0.994364,0.015670,-0.690501,0.723162,0.000163
-0.804538,0.630652,0.993830,0.015956,-0.690238,0.723407,0.000103
-0.801969,0.630993,0.993492,0.016208,-0.690142,0.723493,0.000029
-0.799341,0.630759,0.992889,0.016444,-0.689718,0.723891,0.000082
-0.796817,0.630645,0.992517,0.016692,-0.689393,0.724195,-0.000034
-0.794200,0.630296,0.991928,0.016999,-0.688865,0.724690,-0.000099
-0.791683,0.630196,0.991411,0.017101,-0.688571,0.724967,-0.000057
-0.789036,0.629894,0.990604,0.017312,-0.688130,0.725381,-0.000023
-0.786479,0.630017,0.990173,0.017476,-0.687911,0.725585,0.000060
-0.783716,0.629842,0.989642,0.017935,-0.687489,0.725973,0.000041
-0.781038,0.629915,0.989173,0.018167,-0.687262,0.726183,0.000090
-0.778171,0.629579,0.988680,0.018606,-0.686766,0.726640,-0.000029
-0.775392,0.629456,0.988233,0.018848,-0.686414,0.726967,-0.000006
-0.772497,0.629139,0.987582,0.019196,-0.685899,0.727444,0.000013
-0.769696,0.629084,0.987150,0.019362,-0.685583,0.727737,-0.000016
-0.766734,0.628801,0.986435,0.019609,-0.685141,0.728146,-0.000059
-0.763891,0.628699,0.985980,0.019741,-0.684815,0.728450,-0.000081
-0.760922,0.628408,0.985123,0.019973,-0.684313,0.728914,-0.000043
-0.758030,0.628543,0.984534,0.020159,-0.684065,0.729143,0.000028
-0.754952,0.628386,0.983845,0.020621,-0.683637,0.729531,0.000088
-0.752046,0.628511,0.983327,0.020852,-0.683417,0.729730,0.000180
-0.748949,0.628558,0.982907,0.021364,-0.683045,0.730063,0.000045
-0.746002,0.628609,0.982231,0.021435,-0.682758,0.730330,0.000109
-0.742874,0.628525,0.981292,0.021622,-0.682338,0.730717,0.000152
-0.739886,0.628749,0.981108,0.022007,-0.682191,0.730843,-0.000079
-0.736781,0.628642,0.980468,0.022406,-0.681750,0.731242,-0.000099
-0.733792,0.628498,0.979989,0.022631,-0.681377,0.731582,-0.000070
-0.730620,0.628037,0.979131,0.023003,-0.680838,0.732073,-0.000006
-0.727621,0.627734,0.978624,0.023283,-0.680399,0.732472,0.000009
-0.724475,0.627363,0.977652,0.023493,-0.679780,0.733039,0.000152
-0.721453,0.627051,0.977053,0.023687,-0.679313,0.733466,0.000217
-0.718247,0.626452,0.976381,0.024087,-0.678662,0.734056,0.000145
-0.715165,0.625895,0.975841,0.024292,-0.678115,0.734554,0.000061
-0.711855,0.625810,0.975138,0.024684,-0.677703,0.734921,-0.000054
-0.708645,0.625835,0.974590,0.024896,-0.677398,0.735195,-0.000019
-0.705262,0.625884,0.973953,0.025443,-0.677029,0.735517,-0.000008
-0.701928,0.625816,0.973531,0.025799,-0.676618,0.735883,-0.000030
-0.698488,0.625657,0.972724,0.026206,-0.676136,0.736310,-0.000019
-0.695168,0.625673,0.972106,0.026384,-0.675796,0.736616,0.000006
-0.691698,0.625500,0.971200,0.026660,-0.675385,0.736984,0.000025
-0.688355,0.625462,0.970558,0.026863,-0.675021,0.737310,0.000051
-0.684835,0.625111,0.969745,0.027237,-0.674468,0.737802,-0.000019
-0.681451,0.624974,0.969181,0.027512,-0.674078,0.738147,0.000034
-0.677863,0.624588,0.968351,0.027941,-0.673486,0.738672,0.000036
-0.674419,0.624262,0.967827,0.028225,-0.672988,0.739115,0.000044
-0.670821,0.624037,0.967020,0.028679,-0.672423,0.739611,0.000025
-0.667352,0.623769,0.966565,0.028990,-0.671963,0.740017,-0.000068
-0.663748,0.623570,0.965792,0.029465,-0.671416,0.740495,-0.000065
-0.660258,0.623509,0.965129,0.029685,-0.671030,0.740836,-0.000049
-0.656637,0.623332,0.964281,0.030160,-0.670591,0.741214,-0.000016
-0.653155,0.623199,0.963435,0.030281,-0.670182,0.741579,0.000154
-0.649431,0.622773,0.962628,0.030737,-0.669554,0.742128,-0.000031
-0.645881,0.622580,0.961807,0.030833,-0.669117,0.742517,0.000103
-0.642161,0.622293,0.960970,0.031325,-0.668556,0.743002,0.000103
-0.638496,0.622074,0.960444,0.031677,-0.668098,0.743399,0.000052
-0.634696,0.621798,0.959677,0.032263,-0.667513,0.743899,0.000028
-0.631025,0.621660,0.959097,0.032589,-0.667099,0.744256,0.000046
-0.627113,0.621085,0.958160,0.032962,-0.666418,0.744849,0.000037
-0.623376,0.620882,0.957540,0.033234,-0.665971,0.745237,-0.000019
-0.619484,0.620426,0.956627,0.033599,-0.665284,0.745834,0.000002
-0.615697,0.620223,0.956106,0.034019,-0.664866,0.746187,-0.000024
-0.611829,0.619944,0.954938,0.034319,-0.664268,0.746706,0.000088
-0.607983,0.619660,0.954401,0.034659,-0.663766,0.747137,0.000065
-0.604050,0.619386,0.953427,0.035107,-0.663195,0.747623,0.000097
-0.600200,0.619052,0.952971,0.035511,-0.662706,0.748038,-0.000017
-0.596236,0.618743,0.951947,0.035943,-0.662058,0.748590,0.000059
-0.592345,0.618459,0.951345,0.036299,-0.661560,0.749013,0.000010
-0.588327,0.618180,0.950474,0.036779,-0.661004,0.749480,-0.000074
-0.584445,0.618080,0.949803,0.037080,-0.660531,0.749883,-0.000019
-0.580301,0.617636,0.948833,0.037597,-0.659889,0.750422,-0.000051
-0.576324,0.617269,0.948115,0.037830,-0.659368,0.750868,0.000001
-0.572174,0.616990,0.947025,0.038254,-0.658751,0.751388,-0.000000
-0.568130,0.616613,0.946322,0.038508,-0.658221,0.751839,0.000014
-0.563932,0.616299,0.945299,0.039043,-0.657588,0.752365,-0.000005
-0.559870,0.615949,0.944480,0.039288,-0.657019,0.752849,0.000080
-0.555696,0.615510,0.943483,0.039762,-0.656348,0.753410,0.000158
-0.551597,0.615259,0.942884,0.040153,-0.655874,0.753802,0.000108
-0.547344,0.614801,0.941849,0.040598,-0.655203,0.754361,0.000046
-0.543200,0.614501,0.941237,0.040962,-0.654652,0.754820,0.000014
-0.538909,0.614042,0.940266,0.041509,-0.653943,0.755404,0.000004
-0.534767,0.613748,0.939624,0.041878,-0.653411,0.755844,0.000042
-0.530462,0.613452,0.938598,0.042412,-0.652789,0.756352,0.000040
-0.526269,0.613163,0.937901,0.042742,-0.652287,0.756766,0.000006
-0.521915,0.612752,0.936862,0.043158,-0.651664,0.757279,-0.000045
-0.517713,0.612387,0.936004,0.043420,-0.651077,0.757769,0.000081
-0.513286,0.612049,0.935143,0.044166,-0.650428,0.758283,-0.000082
-0.509047,0.611685,0.934199,0.044301,-0.649837,0.758781,0.000120
-0.504578,0.611089,0.933265,0.044971,-0.649061,0.759406,0.000025
-0.500257,0.610719,0.932648,0.045314,-0.648525,0.759844,-0.000025
-0.495772,0.610196,0.931623,0.045899,-0.647775,0.760448,-0.000042
-0.491353,0.609859,0.930955,0.046289,-0.647220,0.760896,-0.000102
-0.486831,0.609355,0.929674,0.046721,-0.646506,0.761477,0.000023
-0.482346,0.608911,0.928961,0.047114,-0.645896,0.761970,-0.000019
-0.477790,0.608409,0.927716,0.047551,-0.645161,0.762565,0.000010
-0.473306,0.607897,0.927011,0.047919,-0.644534,0.763073,0.000007
-0.468687,0.607431,0.925734,0.048415,-0.643796,0.763664,0.000123
-0.464193,0.606857,0.925024,0.048779,-0.643124,0.764206,0.000114
-0.459542,0.606349,0.923947,0.049368,-0.642384,0.764791,0.000092
-0.454985,0.605685,0.923199,0.049724,-0.641651,0.765383,0.000057
-0.450314,0.605035,0.922264,0.050350,-0.640888,0.765981,-0.000019
-0.445729,0.604573,0.921490,0.050732,-0.640253,0.766487,-0.000048
-0.441060,0.604075,0.920391,0.051329,-0.639504,0.767073,-0.000043
-0.436494,0.603655,0.919460,0.051651,-0.638915,0.767542,0.000112
-0.431762,0.603032,0.918477,0.052273,-0.638061,0.768210,-0.000035
-0.427174,0.602554,0.917644,0.052570,-0.637464,0.768684,-0.000001
-0.422442,0.602077,0.916498,0.053137,-0.636736,0.769249,-0.000000
-0.417767,0.601604,0.915728,0.053526,-0.636112,0.769738,-0.000031
-0.412977,0.601111,0.914464,0.054076,-0.635333,0.770343,0.000115
-0.408240,0.600635,0.913741,0.054550,-0.634689,0.770840,0.000010
-0.403412,0.600016,0.912594,0.055151,-0.633912,0.771436,-0.000021
-0.398629,0.599387,0.911949,0.055583,-0.633209,0.771982,-0.000100
-0.393748,0.598860,0.910725,0.056167,-0.632413,0.772593,-0.000081
-0.388985,0.598269,0.909927,0.056565,-0.631727,0.773124,-0.000040
-0.384073,0.597621,0.908610,0.057069,-0.630923,0.773744,0.000001
-0.379239,0.597083,0.907695,0.057404,-0.630256,0.774262,0.000058
-0.374286,0.596569,0.906405,0.057988,-0.629487,0.774844,0.000135
-0.369454,0.595965,0.905520,0.058301,-0.628775,0.775398,0.000178
-0.364403,0.595221,0.904429,0.058986,-0.627871,0.776079,0.000138
-0.359499,0.594685,0.903552,0.059329,-0.627224,0.776576,0.000152
-0.354415,0.593960,0.902435,0.060103,-0.626348,0.777223,0.000056
-0.349507,0.593378,0.901614,0.060463,-0.625667,0.777743,0.000060
-0.344453,0.592662,0.900560,0.061190,-0.624791,0.778390,-0.000047
-0.339508,0.591996,0.899699,0.061609,-0.624071,0.778935,-0.000021
-0.334465,0.591370,0.898483,0.062184,-0.623233,0.779560,-0.000081
-0.329521,0.590825,0.897566,0.062582,-0.622543,0.780079,-0.000001
-0.324414,0.590186,0.896314,0.063182,-0.621726,0.780682,-0.000030
-0.319455,0.589521,0.895351,0.063517,-0.621012,0.781223,0.000089
-0.314338,0.588863,0.894123,0.064210,-0.620189,0.781820,0.000034
-0.309347,0.588137,0.893241,0.064591,-0.619418,0.782400,0.000057
-0.304188,0.587431,0.891955,0.065225,-0.618549,0.783034,0.000087
-0.299069,0.586561,0.891089,0.065657,-0.617726,0.783648,0.000059
-0.293852,0.585754,0.889777,0.066300,-0.616795,0.784327,0.000128
-0.288733,0.584928,0.889045,0.066818,-0.616019,0.784892,-0.000047
-0.283522,0.584257,0.887708,0.067398,-0.615132,0.785538,0.000035
-0.278297,0.583385,0.887099,0.068013,-0.614294,0.786141,-0.000195
-0.273109,0.582697,0.885424,0.068430,-0.613453,0.786761,0.000131
-0.267924,0.581838,0.884731,0.068978,-0.612635,0.787350,-0.000047
-0.262651,0.581072,0.883351,0.069570,-0.611715,0.788013,0.000034
-0.257448,0.580251,0.882579,0.070086,-0.610877,0.788617,-0.000046
-0.252137,0.579496,0.881296,0.070791,-0.609997,0.789235,0.000011
-0.246903,0.578588,0.880430,0.071214,-0.609160,0.789843,-0.000025
-0.241521,0.577756,0.879161,0.071876,-0.608238,0.790494,-0.000129
-0.236338,0.576830,0.878065,0.072207,-0.607374,0.791127,0.000031
-0.230975,0.576093,0.876840,0.072979,-0.606490,0.791735,-0.000002
-0.225724,0.575109,0.875795,0.073323,-0.605594,0.792388,0.000059
-0.220334,0.574164,0.874406,0.073973,-0.604616,0.793075,0.000082
-0.215039,0.573245,0.873523,0.074421,-0.603786,0.793665,0.000037
-0.209629,0.572409,0.872128,0.075080,-0.602821,0.794336,0.000069
-0.204243,0.571826,0.871234,0.075586,-0.602162,0.794787,0.000081
-0.198812,0.570966,0.869773,0.076195,-0.601154,0.795493,0.000124
-0.193388,0.570280,0.868950,0.076734,-0.600428,0.795988,0.000066
-0.187883,0.569447,0.867656,0.077469,-0.599474,0.796636,0.000038
-0.182455,0.568555,0.866857,0.078050,-0.598661,0.797191,-0.000057
-0.176962,0.567745,0.865421,0.078663,-0.597730,0.797829,0.000015
-0.171516,0.566847,0.864526,0.079190,-0.596915,0.798387,0.000001
-0.165942,0.565685,0.863312,0.079991,-0.595789,0.799147,-0.000082
-0.160530,0.564723,0.862354,0.080422,-0.594909,0.799759,-0.000022
-0.155022,0.563676,0.860822,0.080992,-0.593855,0.800485,-0.000009
-0.149584,0.562670,0.859903,0.081494,-0.592957,0.801100,-0.000014
-0.144082,0.561705,0.858445,0.082131,-0.591947,0.801781,0.000002
-0.138613,0.560763,0.857419,0.082617,-0.591110,0.802348,0.000082
-0.133075,0.559734,0.855903,0.083246,-0.590056,0.803060,0.000074
-0.127599,0.558750,0.855002,0.083769,-0.589185,0.803644,0.000056
-0.122018,0.557638,0.853585,0.084469,-0.588094,0.804370,0.000080
-0.116400,0.556675,0.852721,0.085033,-0.587254,0.804924,0.000012
-0.110797,0.555688,0.851358,0.085769,-0.586200,0.805614,-0.000084
-0.105254,0.554595,0.850324,0.086214,-0.585262,0.806248,0.000028
-0.099554,0.553539,0.848912,0.086976,-0.584242,0.806906,-0.000003
-0.094034,0.552450,0.847875,0.087433,-0.583333,0.807514,0.000085
-0.088421,0.551453,0.846509,0.088135,-0.582279,0.808198,0.000025
-0.082900,0.550203,0.845433,0.088541,-0.581296,0.808861,0.000073
-0.077193,0.549290,0.844213,0.089394,-0.580299,0.809482,-0.000011
-0.071544,0.548126,0.843253,0.089917,-0.579405,0.810065,-0.000015
-0.065842,0.546960,0.841833,0.090628,-0.578274,0.810793,-0.000049
-0.060191,0.545985,0.840921,0.091221,-0.577432,0.811327,-0.000085
-0.054496,0.544787,0.839438,0.091930,-0.576282,0.812064,-0.000007
-0.048774,0.543718,0.838625,0.092630,-0.575424,0.812593,-0.000168
-0.043109,0.542670,0.836714,0.093130,-0.574338,0.813303,0.000059
-0.037456,0.541424,0.835743,0.093668,-0.573381,0.813917,-0.000036
-0.031725,0.540418,0.834173,0.094457,-0.572322,0.814570,0.000076
-0.026115,0.538944,0.832960,0.094770,-0.571220,0.815307,0.000179
-0.020287,0.537850,0.831652,0.095651,-0.570141,0.815959,0.000045
-0.014606,0.536477,0.830638,0.096082,-0.569103,0.816633,0.000083
-0.008724,0.535357,0.829489,0.097031,-0.568020,0.817275,-0.000012
-0.003045,0.534113,0.828358,0.097452,-0.567005,0.817929,0.000007
0.002850,0.532874,0.827114,0.098358,-0.565873,0.818605,-0.000135
0.008490,0.531808,0.825795,0.098760,-0.564972,0.819178,0.000031
0.014293,0.530435,0.824440,0.099545,-0.563748,0.819926,-0.000025
0.020078,0.529177,0.823486,0.100046,-0.562811,0.820509,-0.000036
0.025874,0.527844,0.821888,0.100853,-0.561610,0.821233,-0.000009
0.031632,0.526500,0.820837,0.101338,-0.560592,0.821868,0.000047
0.037452,0.525205,0.819121,0.102052,-0.559428,0.822573,0.000078
0.043221,0.523850,0.818138,0.102578,-0.558401,0.823205,0.000101
0.049062,0.522646,0.816615,0.103351,-0.557266,0.823877,0.000115
0.054835,0.521322,0.815511,0.103943,-0.556274,0.824472,0.000064
0.060748,0.519983,0.814231,0.104785,-0.555072,0.825176,-0.000059
0.066506,0.518671,0.812965,0.105240,-0.554090,0.825778,0.000031
0.072346,0.517237,0.811480,0.105950,-0.552852,0.826517,0.000055
0.078152,0.515855,0.810591,0.106520,-0.551843,0.827117,0.000006
0.083941,0.514435,0.808868,0.107273,-0.550611,0.827840,0.000082
0.089813,0.513125,0.808013,0.107872,-0.549639,0.828409,0.000010
0.095633,0.511748,0.806309,0.108658,-0.548421,0.829113,0.000074
0.101513,0.510406,0.805557,0.109318,-0.547430,0.829681,-0.000069
0.107432,0.509116,0.804073,0.110027,-0.546241,0.830370,-0.000011
0.113284,0.507584,0.802923,0.110647,-0.545156,0.831000,-0.000090
0.119150,0.506083,0.801349,0.111404,-0.543880,0.831735,-0.000001
0.125015,0.504565,0.800094,0.111906,-0.542812,0.832365,-0.000076
0.130932,0.503129,0.798628,0.112729,-0.541563,0.833068,0.000020
0.136717,0.501485,0.797309,0.113295,-0.540422,0.833732,-0.000008
0.142646,0.500153,0.795837,0.114037,-0.539246,0.834392,0.000009
0.148522,0.498571,0.794818,0.114536,-0.538138,0.835039,0.000047
0.154398,0.497077,0.793023,0.115329,-0.536842,0.835763,0.000108
0.160317,0.495703,0.792135,0.115941,-0.535854,0.836313,0.000121
0.166298,0.494110,0.790568,0.116909,-0.534538,0.837019,-0.000050
0.172175,0.492693,0.789373,0.117260,-0.533536,0.837609,0.000112
0.178085,0.491111,0.788167,0.118183,-0.532250,0.838297,0.000020
0.183969,0.489596,0.786796,0.118661,-0.531187,0.838904,0.000022
0.189910,0.488015,0.785587,0.119637,-0.529889,0.839586,-0.000095
0.195751,0.486430,0.784110,0.120108,-0.528801,0.840204,-0.000031
0.201729,0.484865,0.782793,0.121002,-0.527513,0.840886,-0.000043
0.207610,0.483176,0.781877,0.121542,-0.526408,0.841500,-0.000062
0.213519,0.481597,0.779937,0.122304,-0.525128,0.842189,0.000003
0.219344,0.479765,0.778957,0.122866,-0.523949,0.842842,0.000029
0.225252,0.478278,0.776874,0.123554,-0.522649,0.843547,0.000205
0.231169,0.476685,0.776065,0.124221,-0.521616,0.844089,0.000073
0.237106,0.475052,0.774652,0.125011,-0.520266,0.844805,0.000115
0.242988,0.473503,0.773285,0.125619,-0.519220,0.845358,0.000010
0.248941,0.471799,0.771860,0.126447,-0.517878,0.846058,0.000030
0.254813,0.470193,0.770431,0.127068,-0.516792,0.846628,-0.000046
0.260744,0.468604,0.768914,0.127825,-0.515480,0.847314,0.000069
0.266660,0.467026,0.768113,0.128433,-0.514405,0.847875,-0.000030
0.272552,0.465132,0.766302,0.129321,-0.512951,0.848621,-0.000064
0.278432,0.463277,0.765473,0.129989,-0.511753,0.849242,-0.000112
0.284325,0.461478,0.763467,0.130703,-0.510337,0.849984,-0.000031
0.290260,0.459787,0.762601,0.131316,-0.509271,0.850529,-0.000073
0.296232,0.458075,0.761282,0.132192,-0.507944,0.851186,-0.000044
0.302164,0.456372,0.759775,0.132721,-0.506818,0.851775,-0.000083
0.308097,0.454646,0.758350,0.133613,-0.505464,0.852440,-0.000076
0.313958,0.452869,0.756651,0.134082,-0.504303,0.853054,0.000018
0.319855,0.450967,0.755241,0.134937,-0.502842,0.853781,0.000062
0.325629,0.449128,0.754102,0.135332,-0.501691,0.854396,0.000173
0.331559,0.447434,0.752201,0.136276,-0.500366,0.855022,0.000164
0.337419,0.445480,0.751381,0.136929,-0.499183,0.855609,0.000082
0.343404,0.443811,0.749438,0.137824,-0.497844,0.856245,0.000060
0.349332,0.442004,0.748650,0.138463,-0.496750,0.856777,-0.000028
0.355219,0.440103,0.747229,0.139321,-0.495288,0.857484,0.000021
0.361081,0.438338,0.745856,0.139931,-0.494190,0.858018,-0.000070
0.366921,0.436375,0.744372,0.140731,-0.492716,0.858735,0.000015
0.372795,0.434512,0.742909,0.141366,-0.491611,0.859264,-0.000064
0.378541,0.432589,0.741354,0.142076,-0.490123,0.859996,0.000099
0.384501,0.430564,0.740720,0.142842,-0.488932,0.860547,-0.000132
0.390261,0.428689,0.738327,0.143450,-0.487518,0.861248,0.000161
0.396178,0.426654,0.737631,0.144220,-0.486263,0.861829,0.000003
0.402014,0.424781,0.735439,0.145007,-0.484803,0.862519,0.000123
0.407897,0.422840,0.734612,0.145649,-0.483657,0.863054,0.000005
0.413714,0.420943,0.733185,0.146472,-0.482248,0.863703,0.000052
0.419517,0.418878,0.731614,0.147048,-0.480994,0.864304,-0.000010
0.425344,0.416690,0.730236,0.147953,-0.479429,0.865019,-0.000026
0.431219,0.414710,0.728578,0.148455,-0.478229,0.865597,-0.000010
0.437001,0.412632,0.727351,0.149404,-0.476755,0.866247,-0.000091
0.442780,0.410781,0.726308,0.149891,-0.475592,0.866802,0.000033
0.448614,0.408805,0.724385,0.150824,-0.474161,0.867424,0.000008
0.454420,0.406863,0.723517,0.151455,-0.473053,0.867918,0.000027
0.460234,0.404993,0.721590,0.152319,-0.471670,0.868520,-0.000040
0.466009,0.402895,0.720603,0.152917,-0.470485,0.869057,-0.000017
0.471806,0.400703,0.719257,0.153836,-0.468902,0.869750,-0.000027
0.477513,0.398530,0.717512,0.154293,-0.467618,0.870360,-0.000021
0.483310,0.396318,0.716123,0.155236,-0.466060,0.871028,-0.000053
0.488998,0.393981,0.714515,0.155906,-0.464731,0.871618,-0.000111
0.494747,0.391851,0.712949,0.156658,-0.463195,0.872301,0.000017
0.500482,0.389956,0.711985,0.157221,-0.462033,0.872816,0.000040
0.506265,0.388047,0.709863,0.158088,-0.460614,0.873409,0.000199
0.512026,0.386095,0.708975,0.158641,-0.459453,0.873920,0.000149
0.517726,0.383850,0.706773,0.159482,-0.457898,0.874583,0.000246
0.523560,0.381732,0.705994,0.160154,-0.456672,0.875101,0.000118
0.529304,0.379762,0.704823,0.161074,-0.455303,0.875645,0.000054
0.535100,0.377611,0.703329,0.161758,-0.454090,0.876149,-0.000061
0.540765,0.375434,0.701960,0.162676,-0.452605,0.876747,-0.000008
0.546403,0.373251,0.700183,0.163209,-0.451368,0.877285,0.000012
0.552054,0.370858,0.698801,0.164077,-0.449760,0.877949,0.000024
0.557719,0.368667,0.697933,0.164687,-0.448517,0.878471,-0.000024
0.563296,0.366268,0.695772,0.165567,-0.446930,0.879114,0.000012
0.568884,0.363995,0.694762,0.166093,-0.445634,0.879672,0.000071
0.574427,0.361710,0.692434,0.166854,-0.444061,0.880324,0.000176
0.580105,0.359480,0.691615,0.167513,-0.442845,0.880811,0.000112
0.585706,0.357164,0.690357,0.168369,-0.441221,0.881462,0.000070
0.591428,0.354903,0.688803,0.169040,-0.439999,0.881945,-0.000031
0.596957,0.352691,0.687177,0.169813,-0.438484,0.882551,0.000127
0.602621,0.350458,0.685543,0.170458,-0.437251,0.883038,-0.000014
0.608129,0.348123,0.684163,0.171303,-0.435661,0.883660,0.000062
0.613799,0.345773,0.683481,0.172009,-0.434402,0.884142,-0.000075
0.619299,0.343582,0.681215,0.172797,-0.432866,0.884742,0.000040
0.624938,0.341365,0.680443,0.173483,-0.431681,0.885187,-0.000029
0.630318,0.338946,0.678245,0.174320,-0.430030,0.885826,0.000033
0.635961,0.336717,0.677494,0.175009,-0.428851,0.886261,-0.000073
0.641423,0.334252,0.676254,0.175865,-0.427220,0.886879,-0.000062
0.646803,0.331843,0.674301,0.176339,-0.425901,0.887419,0.000011
0.652267,0.329427,0.672978,0.177300,-0.424302,0.887993,-0.000022
0.657804,0.327044,0.671141,0.177852,-0.423031,0.888490,-0.000007
0.663278,0.324810,0.669808,0.178777,-0.421526,0.889019,0.000079
0.668692,0.322302,0.668985,0.179393,-0.420182,0.889531,0.000031
0.674059,0.319887,0.666630,0.180187,-0.418571,0.890130,0.000142
0.679430,0.317425,0.665620,0.180686,-0.417271,0.890639,0.000191
0.684745,0.314911,0.663229,0.181608,-0.415653,0.891207,0.000158
0.690145,0.312283,0.662481,0.182158,-0.414269,0.891740,0.000084
0.695519,0.309802,0.661417,0.183108,-0.412670,0.892286,0.000074
0.701048,0.307315,0.659732,0.183845,-0.411394,0.892724,-0.000060
0.706294,0.304800,0.658332,0.184632,-0.409716,0.893333,-0.000029
0.711819,0.302322,0.656470,0.185355,-0.408434,0.893770,-0.000175
0.717089,0.299989,0.655195,0.186193,-0.406877,0.894306,-0.000019
0.722523,0.297542,0.654451,0.186790,-0.405599,0.894762,-0.000074
0.727930,0.295361,0.652204,0.187654,-0.404143,0.895240,0.000014
0.733148,0.292643,0.651327,0.188184,-0.402723,0.895768,0.000036
0.738355,0.290051,0.648957,0.189026,-0.401085,0.896326,0.000013
0.743633,0.287363,0.648126,0.189570,-0.399693,0.896833,-0.000004
0.748873,0.284945,0.647029,0.190510,-0.398129,0.897329,-0.000030
0.754110,0.282456,0.645040,0.191002,-0.396832,0.897799,0.000041
0.759313,0.279965,0.643868,0.191993,-0.395278,0.898273,-0.000063
0.764422,0.277206,0.641742,0.192502,-0.393840,0.898795,-0.000000
0.769601,0.274655,0.640485,0.193355,-0.392246,0.899309,0.000012
0.774727,0.272050,0.639650,0.193871,-0.390911,0.899779,0.000035
0.779899,0.269584,0.637324,0.194745,-0.389335,0.900274,0.000105
0.784980,0.267081,0.636448,0.195256,-0.388068,0.900710,0.000159
0.790067,0.264581,0.634012,0.196121,-0.386484,0.901203,0.000224
0.795133,0.261981,0.633185,0.196681,-0.385167,0.901645,0.000221
0.800289,0.259327,0.632335,0.197688,-0.383553,0.902112,0.000078
0.805477,0.256724,0.630528,0.198378,-0.382251,0.902513,-0.000076
0.810508,0.254056,0.629256,0.199247,-0.380577,0.903029,0.000003
0.815658,0.251439,0.627344,0.199942,-0.379294,0.903416,-0.000104
0.820548,0.248923,0.626010,0.200669,-0.377693,0.903925,0.000046
0.825604,0.246145,0.625412,0.201357,-0.376281,0.904360,-0.000141
0.830569,0.243744,0.622939,0.202153,-0.374781,0.904806,0.000012
0.835518,0.240994,0.622186,0.202741,-0.373417,0.905238,-0.000112
0.840397,0.238508,0.619545,0.203408,-0.371836,0.905739,0.000153
0.845418,0.235706,0.618934,0.204081,-0.370435,0.906162,0.000024
0.850336,0.232799,0.617905,0.204982,-0.368696,0.906668,-0.000042
0.855366,0.230246,0.615977,0.205595,-0.367436,0.907040,-0.000044
0.860190,0.227471,0.614667,0.206469,-0.365755,0.907521,0.000016
0.865114,0.224800,0.612612,0.207009,-0.364469,0.907915,-0.000019
0.869929,0.222106,0.611348,0.207817,-0.362847,0.908380,0.000044
0.874719,0.219213,0.610516,0.208322,-0.361388,0.908846,0.000060
0.879470,0.216333,0.608132,0.209177,-0.359677,0.909328,0.000068
0.884142,0.213298,0.607209,0.209621,-0.358135,0.909834,0.000051
0.888986,0.210549,0.605001,0.210563,-0.356554,0.910238,-0.000017
0.893812,0.207850,0.604192,0.211111,-0.355211,0.910636,0.000026
0.898571,0.205113,0.603233,0.212000,-0.353571,0.911067,-0.000063
0.903471,0.202703,0.601406,0.212694,-0.352421,0.911351,-0.000143
0.908194,0.200157,0.600128,0.213517,-0.350887,0.911750,-0.000034
0.912978,0.197422,0.598236,0.214177,-0.349558,0.912106,-0.000205
0.917572,0.194634,0.597055,0.214975,-0.347917,0.912545,-0.000110
0.922238,0.191739,0.596411,0.215588,-0.346491,0.912943,-0.000245
0.926735,0.189104,0.593832,0.216243,-0.344914,0.913386,-0.000024
0.931311,0.186188,0.593027,0.216804,-0.343496,0.913787,-0.000084
0.935870,0.183525,0.590501,0.217606,-0.341923,0.914186,0.000029
0.940478,0.180689,0.589741,0.218163,-0.340567,0.914559,-0.000014
0.945002,0.177734,0.588702,0.219051,-0.338874,0.914976,-0.000026
0.949569,0.174946,0.586758,0.219648,-0.337545,0.915324,-0.000054
0.954083,0.172151,0.585489,0.220503,-0.335901,0.915723,-0.000042
0.958584,0.169319,0.583399,0.221040,-0.334548,0.916089,-0.000080
0.963041,0.166321,0.582269,0.221875,-0.332806,0.916521,-0.000026
0.967562,0.163323,0.581593,0.222459,-0.331348,0.916908,-0.000082
0.972038,0.160834,0.579350,0.223248,-0.329930,0.917228,-0.000055
0.976570,0.158174,0.578636,0.223840,-0.328704,0.917524,-0.000086
0.980905,0.155535,0.576005,0.224509,-0.327130,0.917923,0.000180
0.985391,0.152762,0.575349,0.225117,-0.325813,0.918242,0.000025
0.989797,0.149891,0.574371,0.225999,-0.324204,0.918595,0.000064
0.994287,0.147322,0.572497,0.226657,-0.323043,0.918842,0.000002
0.998619,0.144566,0.571274,0.227497,-0.321491,0.919178,0.000004
1.002971,0.141815,0.569346,0.228071,-0.320202,0.919486,-0.000071
1.007130,0.138814,0.568150,0.228832,-0.318480,0.919895,0.000013
1.011343,0.135741,0.567377,0.229350,-0.317035,0.920265,-0.000060
1.015575,0.132825,0.565028,0.230165,-0.315385,0.920628,-0.000034
1.019741,0.129895,0.564004,0.230535,-0.313974,0.921018,0.000083
1.023927,0.126944,0.561653,0.231350,-0.312266,0.921394,0.000114
1.028087,0.124015,0.560773,0.231782,-0.310894,0.921749,0.000169
1.032350,0.121077,0.559999,0.232764,-0.309302,0.922037,0.000014
1.036545,0.118268,0.558043,0.233306,-0.308071,0.922313,-0.000017
1.040779,0.115456,0.556961,0.234173,-0.306547,0.922601,-0.000087
1.044923,0.112611,0.554964,0.234687,-0.305224,0.922909,-0.000058
1.048912,0.109584,0.553833,0.235497,-0.303521,0.923264,-0.000028
1.053064,0.106685,0.553177,0.236068,-0.302215,0.923546,-0.000148
1.057156,0.103890,0.550884,0.236856,-0.300679,0.923846,-0.000118
1.061121,0.100917,0.550046,0.237323,-0.299251,0.924190,-0.000069
1.065025,0.098099,0.547488,0.237979,-0.297613,0.924550,0.000150
1.069133,0.095140,0.546968,0.238656,-0.296257,0.924811,-0.000038
1.072992,0.092256,0.545744,0.239347,-0.294641,0.925149,0.000138
1.077095,0.089520,0.543954,0.239940,-0.293416,0.925384,0.000024
1.081045,0.086751,0.542762,0.240751,-0.291916,0.925648,0.000056
1.085064,0.083777,0.540869,0.241395,-0.290613,0.925890,-0.000112
1.088843,0.080864,0.539560,0.242031,-0.289007,0.926227,0.000083
1.092831,0.077906,0.539102,0.242645,-0.287700,0.926473,-0.000137
1.096520,0.074960,0.536678,0.243339,-0.286097,0.926787,-0.000001
1.100309,0.072042,0.535929,0.243853,-0.284765,0.927062,-0.000046
1.103824,0.068984,0.533384,0.244540,-0.283012,0.927418,0.000107
1.107520,0.065826,0.532657,0.245078,-0.281577,0.927713,0.000002
1.111115,0.062837,0.531588,0.245830,-0.279940,0.928009,0.000122
1.114906,0.059905,0.529766,0.246383,-0.278648,0.928251,0.000032
1.118657,0.057012,0.528749,0.247217,-0.277140,0.928481,-0.000019
1.122551,0.054150,0.526895,0.247792,-0.275914,0.928693,-0.000147
1.126251,0.051231,0.525834,0.248568,-0.274363,0.928945,-0.000105
1.130109,0.048425,0.525213,0.249036,-0.273136,0.929181,-0.000191
1.133812,0.045513,0.523078,0.249824,-0.271642,0.929408,-0.000177
1.137525,0.042642,0.522261,0.250303,-0.270357,0.929653,-0.000144
1.141040,0.039775,0.519690,0.250927,-0.268781,0.929942,0.000003
1.144596,0.036806,0.518831,0.251359,-0.267428,0.930215,0.000060
1.148216,0.033951,0.517930,0.252145,-0.265942,0.930429,0.000069
1.151808,0.031089,0.515938,0.252615,-0.264698,0.930656,0.000055
1.155236,0.028007,0.514874,0.253467,-0.263028,0.930898,-0.000014
1.158620,0.025097,0.512673,0.253791,-0.261698,0.931184,0.000134
1.162208,0.022142,0.511895,0.254714,-0.260239,0.931341,-0.000024
1.165794,0.019406,0.511220,0.255172,-0.259068,0.931542,-0.000003
1.169203,0.016467,0.509119,0.255979,-0.257564,0.931738,-0.000057
1.172492,0.013548,0.508216,0.256353,-0.256203,0.932010,0.000057
1.175707,0.010481,0.506010,0.257111,-0.254610,0.932238,0.000052
1.178910,0.007583,0.505117,0.257485,-0.253293,0.932494,0.000144
1.182153,0.004538,0.504217,0.258301,-0.251678,0.932705,0.000140
1.185363,0.001467,0.502199,0.258734,-0.250327,0.932949,0.000077
1.188511,-0.001549,0.501103,0.259506,-0.248749,0.933156,0.000065
1.191716,-0.004618,0.499271,0.260036,-0.247412,0.933364,-0.000055
1.194855,-0.007822,0.498419,0.260809,-0.245749,0.933588,-0.000162
1.198236,-0.010859,0.498008,0.261433,-0.244492,0.933743,-0.000358
1.201464,-0.013669,0.495769,0.262132,-0.243044,0.933925,-0.000243
1.204767,-0.016674,0.495109,0.262634,-0.241761,0.934117,-0.000338
1.207891,-0.019429,0.492469,0.263110,-0.240304,0.934359,-0.000021
1.211391,-0.022086,0.491881,0.263704,-0.239265,0.934458,-0.000092
1.214490,-0.025106,0.490848,0.264365,-0.237683,0.934675,0.000035
1.217644,-0.028104,0.488891,0.264730,-0.236344,0.934911,0.000012
1.220769,-0.030804,0.487810,0.265458,-0.235009,0.935041,0.000096
1.223897,-0.033626,0.485854,0.265925,-0.233813,0.935209,0.000061
1.226794,-0.036575,0.484735,0.266559,-0.232262,0.935415,0.000128
1.229904,-0.039433,0.484048,0.267003,-0.231073,0.935583,0.000093
1.233077,-0.042074,0.482149,0.267771,-0.229828,0.935670,0.000114
1.236118,-0.044980,0.481541,0.268269,-0.228635,0.935819,0.000055
1.238961,-0.048003,0.479259,0.268918,-0.227098,0.936007,0.000088
1.241993,-0.050812,0.478604,0.269365,-0.225877,0.936174,0.000087
1.244821,-0.053778,0.477648,0.270031,-0.224432,0.936330,0.000150
1.247904,-0.056640,0.475901,0.270526,-0.223248,0.936470,0.000067
1.250504,-0.059707,0.474722,0.271161,-0.221605,0.936677,0.000126
1.253273,-0.062791,0.472745,0.271622,-0.220268,0.936858,0.000027
1.255862,-0.065938,0.471747,0.272244,-0.218667,0.937053,0.000027
1.258661,-0.069111,0.471347,0.272837,-0.217321,0.937193,-0.000207
1.261255,-0.072153,0.469154,0.273472,-0.215767,0.937368,-0.000139
1.263974,-0.075100,0.468509,0.273938,-0.214496,0.937523,-0.000170
1.266539,-0.078035,0.466343,0.274520,-0.213008,0.937692,-0.000135
1.269216,-0.081024,0.465720,0.274982,-0.211710,0.937851,-0.000193
1.271689,-0.084102,0.464724,0.275606,-0.210122,0.938024,-0.000096
1.274526,-0.086846,0.462837,0.276021,-0.208989,0.938156,-0.000101
1.277298,-0.089441,0.461746,0.276659,-0.207778,0.938237,-0.000037
1.280055,-0.092177,0.459771,0.277037,-0.206667,0.938370,-0.000019
1.282780,-0.094865,0.458823,0.277700,-0.205400,0.938453,0.000063
1.285554,-0.097679,0.458220,0.278143,-0.204228,0.938577,0.000072
1.288198,-0.100517,0.456185,0.278821,-0.202921,0.938660,0.000028
1.290914,-0.103296,0.455624,0.279297,-0.201842,0.938751,-0.000022
1.293361,-0.106186,0.453449,0.279921,-0.200393,0.938875,0.000097
1.296011,-0.109058,0.452919,0.280394,-0.199228,0.938982,-0.000019
1.298430,-0.112016,0.452130,0.281082,-0.197808,0.939077,0.000034
1.301040,-0.114851,0.450306,0.281478,-0.196618,0.939208,-0.000043
1.303345,-0.117714,0.449181,0.282063,-0.195232,0.939321,0.000061
1.305896,-0.120496,0.447342,0.282504,-0.194108,0.939422,-0.000001
1.308181,-0.123387,0.446346,0.283015,-0.192650,0.939568,0.000121
1.310748,-0.126293,0.445981,0.283560,-0.191479,0.939643,-0.000034
1.312933,-0.129055,0.443566,0.283976,-0.190107,0.939796,0.000196
1.315424,-0.131945,0.443101,0.284487,-0.188952,0.939875,0.000050
1.317610,-0.134941,0.441007,0.285074,-0.187512,0.939985,0.000026
1.320054,-0.137790,0.440515,0.285556,-0.186388,0.940062,-0.000073
1.322216,-0.140763,0.439684,0.286186,-0.184932,0.940158,-0.000066
1.324552,-0.143559,0.437942,0.286553,-0.183796,0.940269,-0.000138
1.326593,-0.146410,0.436983,0.287152,-0.182363,0.940366,-0.000070
1.328843,-0.149163,0.435013,0.287549,-0.181232,0.940463,-0.000075
1.330860,-0.151869,0.433964,0.288046,-0.179910,0.940565,0.000054
1.333095,-0.154627,0.433405,0.288432,-0.178769,0.940664,0.000057
1.335132,-0.157523,0.431363,0.288977,-0.177340,0.940767,0.000126
1.337334,-0.160338,0.430782,0.289369,-0.176185,0.940864,0.000078
1.339567,-0.163031,0.428776,0.289982,-0.175020,0.940893,0.000085
1.341742,-0.165899,0.428234,0.290403,-0.173872,0.940975,-0.000014
1.343800,-0.168881,0.427608,0.291116,-0.172469,0.941013,-0.000037
1.346037,-0.171577,0.425906,0.291494,-0.171410,0.941090,-0.000106
1.347931,-0.174454,0.424966,0.292083,-0.170056,0.941153,-0.000100
1.349995,-0.177172,0.422995,0.292426,-0.168930,0.941249,-0.000063
1.351928,-0.179853,0.422030,0.292907,-0.167648,0.941329,0.000051
1.354045,-0.182506,0.421462,0.293208,-0.166558,0.941429,0.000054
1.355983,-0.185303,0.419537,0.293802,-0.165240,0.941476,0.000114
1.358007,-0.188077,0.419003,0.294256,-0.164182,0.941519,0.000041
1.359801,-0.191019,0.417051,0.294781,-0.162768,0.941600,0.000005
1.361928,-0.193705,0.416612,0.295259,-0.161754,0.941625,-0.000066
1.363868,-0.196464,0.416061,0.295860,-0.160516,0.941648,-0.000071
1.365825,-0.199256,0.414374,0.296292,-0.159419,0.941699,-0.000230
1.367411,-0.201895,0.413184,0.296697,-0.158093,0.941795,0.000022
1.369315,-0.204625,0.411398,0.297080,-0.156973,0.941861,-0.000093
1.371081,-0.207166,0.410515,0.297557,-0.155811,0.941904,0.000050
1.373047,-0.209811,0.410076,0.297931,-0.154784,0.941955,-0.000029
1.374783,-0.212498,0.408125,0.298503,-0.153557,0.941974,-0.000018
1.376543,-0.215261,0.407583,0.298822,-0.152405,0.942061,-0.000092
1.378210,-0.217863,0.405452,0.299366,-0.151190,0.942084,0.000009
1.380082,-0.220480,0.404925,0.299676,-0.150156,0.942150,0.000048
1.381809,-0.223146,0.404329,0.300241,-0.148974,0.942158,0.000058
1.383639,-0.225808,0.402713,0.300641,-0.147980,0.942187,-0.000059
1.385187,-0.228409,0.401757,0.301116,-0.146766,0.942226,0.000022
1.386857,-0.231060,0.399834,0.301391,-0.145652,0.942310,0.000026
1.388494,-0.233624,0.399041,0.301906,-0.144510,0.942322,0.000136
1.390290,-0.236248,0.398640,0.302272,-0.143501,0.942358,0.000098
1.391960,-0.238918,0.396914,0.302827,-0.142330,0.942358,0.000075
1.393601,-0.241572,0.396388,0.303143,-0.141257,0.942418,0.000047
1.395034,-0.244296,0.394418,0.303641,-0.140062,0.942436,0.000063
1.396591,-0.246996,0.393883,0.303959,-0.138949,0.942498,-0.000045
1.398060,-0.249784,0.393414,0.304576,-0.137707,0.942481,-0.000094
1.399608,-0.252434,0.391743,0.304923,-0.136567,0.942534,-0.000103
1.400980,-0.255069,0.390924,0.305383,-0.135351,0.942561,-0.000105
1.402527,-0.257563,0.389100,0.305731,-0.134396,0.942585,-0.000116
1.403916,-0.260087,0.388306,0.306176,-0.133293,0.942597,-0.000017
1.405456,-0.262520,0.387767,0.306473,-0.132294,0.942641,0.000076
1.407034,-0.264924,0.385971,0.306923,-0.131262,0.942639,0.000113
1.408544,-0.267415,0.385515,0.307246,-0.130263,0.942672,0.000093
1.409993,-0.269970,0.383657,0.307834,-0.129215,0.942625,0.000032
1.411565,-0.272437,0.383283,0.308159,-0.128300,0.942644,-0.000018
1.413028,-0.274868,0.382764,0.308651,-0.127307,0.942617,0.000026
1.414582,-0.277331,0.381167,0.308992,-0.126433,0.942623,-0.000064
1.415815,-0.279830,0.380477,0.309519,-0.125306,0.942601,0.000029
1.417117,-0.282417,0.378643,0.309798,-0.124235,0.942651,-0.000057
1.418229,-0.285032,0.377942,0.310247,-0.123010,0.942664,0.000037
1.419545,-0.287532,0.377479,0.310524,-0.121960,0.942709,0.000027
1.420711,-0.290019,0.375502,0.310936,-0.120825,0.942720,0.000105
1.421843,-0.292650,0.374963,0.311170,-0.119709,0.942785,0.000059
1.422943,-0.295156,0.373067,0.311665,-0.118632,0.942757,0.000018
1.424186,-0.297738,0.372677,0.311936,-0.117593,0.942798,-0.000022
1.425505,-0.300080,0.372267,0.312413,-0.116601,0.942763,0.000028
1.426935,-0.302492,0.370740,0.312788,-0.115684,0.942752,-0.000106
1.428052,-0.304908,0.370077,0.313273,-0.114694,0.942712,-0.000134
1.429259,-0.307335,0.368356,0.313552,-0.113754,0.942733,-0.000154
1.430414,-0.309798,0.367720,0.313951,-0.112621,0.942736,-0.000090
1.431664,-0.312073,0.367280,0.314241,-0.111742,0.942744,-0.000063
1.432868,-0.314274,0.365336,0.314558,-0.110833,0.942745,0.000116
1.434056,-0.316647,0.364900,0.314866,-0.109907,0.942751,0.000121
1.435273,-0.318917,0.363170,0.315323,-0.109044,0.942699,0.000085
1.436376,-0.321370,0.362771,0.315612,-0.107992,0.942723,0.000096
1.437392,-0.323786,0.362164,0.316099,-0.106954,0.942678,0.000055
1.438607,-0.326233,0.360880,0.316468,-0.106074,0.942654,-0.000127
1.439510,-0.328595,0.360282,0.316890,-0.105076,0.942624,-0.000087
1.440504,-0.330956,0.358537,0.317119,-0.104092,0.942656,-0.000092
1.441398,-0.333190,0.357879,0.317538,-0.103103,0.942624,0.000025
1.442406,-0.335631,0.356589,0.317837,-0.102149,0.942627,-0.000094
1.443441,-0.337818,0.355927,0.318191,-0.101180,0.942612,0.000002
1.444501,-0.340027,0.355547,0.318425,-0.100339,0.942623,0.000019
1.445587,-0.342251,0.354020,0.318937,-0.099513,0.942537,0.000030
1.446428,-0.344685,0.353685,0.319208,-0.098457,0.942556,-0.000067
1.447155,-0.347068,0.351946,0.319597,-0.097413,0.942533,-0.000118
1.448294,-0.349303,0.351547,0.319863,-0.096570,0.942530,-0.000102
1.449422,-0.351398,0.351141,0.320347,-0.095794,0.942444,-0.000072
1.450487,-0.353578,0.349545,0.320548,-0.094988,0.942458,-0.000041
1.451287,-0.355730,0.348877,0.320863,-0.094007,0.942449,0.000119
1.452138,-0.358023,0.347243,0.321102,-0.093043,0.942463,0.000083
1.452878,-0.360316,0.346764,0.321529,-0.092088,0.942411,0.000098
1.453719,-0.362719,0.346556,0.321809,-0.091142,0.942407,-0.000066
1.454498,-0.364951,0.344829,0.322160,-0.090189,0.942379,0.000040
1.455478,-0.367173,0.344603,0.322496,-0.089467,0.942333,-0.000148
1.456357,-0.369271,0.342894,0.322862,-0.088583,0.942291,-0.000059
1.457233,-0.371427,0.342575,0.323100,-0.087759,0.942287,-0.000094
1.458077,-0.373557,0.342275,0.323462,-0.086858,0.942246,-0.000077
1.458804,-0.375818,0.340777,0.323721,-0.085922,0.942243,-0.000150
1.459451,-0.377761,0.340118,0.324055,-0.085098,0.942203,-0.000025
1.460102,-0.379879,0.338361,0.324238,-0.084141,0.942226,-0.000002
1.460877,-0.381897,0.337987,0.324625,-0.083319,0.942166,0.000060
1.461626,-0.384012,0.337690,0.324857,-0.082482,0.942159,-0.000029
1.462333,-0.386094,0.336142,0.325232,-0.081667,0.942101,0.000043
1.462950,-0.388291,0.335861,0.325485,-0.080804,0.942088,-0.000084
1.463556,-0.390413,0.334154,0.325858,-0.079835,0.942042,-0.000080
1.464230,-0.392496,0.333874,0.326071,-0.079049,0.942034,-0.000130
1.464976,-0.394447,0.333501,0.326467,-0.078322,0.941958,-0.000106
1.465728,-0.396498,0.332044,0.326688,-0.077556,0.941945,-0.000106
1.466371,-0.398455,0.331546,0.326982,-0.076786,0.941906,-0.000052
1.467138,-0.400477,0.329942,0.327219,-0.076008,0.941887,-0.000087
1.467921,-0.402327,0.329466,0.327498,-0.075253,0.941850,0.000092
1.468802,-0.404271,0.329217,0.327751,-0.074569,0.941817,0.000112
1.469837,-0.406082,0.327787,0.328066,-0.073988,0.941753,0.000206
1.470707,-0.408023,0.327559,0.328306,-0.073349,0.941719,0.000173
1.471415,-0.409908,0.325949,0.328664,-0.072678,0.941646,0.000235
1.472163,-0.411879,0.325751,0.328942,-0.071981,0.941603,0.000161
1.472661,-0.413978,0.325502,0.329266,-0.071058,0.941560,0.000197
1.473043,-0.416039,0.323909,0.329384,-0.070119,0.941589,0.000137
1.473365,-0.417989,0.323453,0.329749,-0.069235,0.941526,0.000166
1.473676,-0.420164,0.321997,0.329953,-0.068299,0.941523,0.000025
1.474195,-0.422023,0.321692,0.330300,-0.067569,0.941454,0.000074
1.474666,-0.424028,0.321494,0.330516,-0.066785,0.941435,-0.000040
1.475234,-0.425837,0.319988,0.330806,-0.066018,0.941387,0.000030
1.475710,-0.427866,0.319851,0.331078,-0.065232,0.941346,-0.000138
1.476160,-0.429737,0.318291,0.331391,-0.064452,0.941290,-0.000124
1.476639,-0.431690,0.318060,0.331572,-0.063667,0.941279,-0.000170
1.477241,-0.433418,0.317819,0.331896,-0.063064,0.941206,-0.000125
1.477780,-0.435272,0.316392,0.332121,-0.062351,0.941174,-0.000125
1.478242,-0.436833,0.315857,0.332325,-0.061724,0.941143,0.000052
1.478543,-0.438777,0.314329,0.332506,-0.060864,0.941135,0.000053
1.478952,-0.440592,0.314025,0.332778,-0.060132,0.941086,0.000160
1.479320,-0.442639,0.313931,0.332970,-0.059299,0.941071,-0.000024
1.479910,-0.444380,0.312547,0.333269,-0.058739,0.941000,-0.000009
1.480394,-0.446240,0.312389,0.333531,-0.058038,0.940951,-0.000079
1.481033,-0.447804,0.310876,0.333797,-0.057527,0.940888,-0.000010
1.481639,-0.449536,0.310760,0.334070,-0.056973,0.940825,-0.000086
1.482149,-0.451216,0.310593,0.334339,-0.056272,0.940772,-0.000050
1.482572,-0.453048,0.309273,0.334494,-0.055522,0.940761,-0.000096
1.483001,-0.454567,0.308862,0.334741,-0.054922,0.940708,0.000016
1.483414,-0.456243,0.307294,0.334910,-0.054257,0.940687,0.000039
1.483852,-0.457825,0.307004,0.335146,-0.053660,0.940637,0.000233
1.484174,-0.459654,0.306868,0.335337,-0.052950,0.940609,0.000065
1.484613,-0.461339,0.305580,0.335579,-0.052355,0.940556,0.000021
1.484814,-0.463108,0.305367,0.335775,-0.051578,0.940529,-0.000024
1.485216,-0.464751,0.304048,0.336100,-0.050994,0.940445,-0.000036
1.485441,-0.466490,0.303863,0.336251,-0.050251,0.940431,-0.000050
1.485828,-0.468119,0.303756,0.336599,-0.049641,0.940339,-0.000051
1.486102,-0.469853,0.302483,0.336739,-0.048940,0.940325,-0.000149
1.486400,-0.471192,0.302074,0.336971,-0.048379,0.940271,-0.000027
1.486658,-0.472746,0.301806,0.337101,-0.047781,0.940255,-0.000042
1.486980,-0.474170,0.300356,0.337307,-0.047153,0.940213,0.000092
1.487206,-0.475737,0.300129,0.337520,-0.046569,0.940166,0.000044
1.487490,-0.477176,0.298646,0.337690,-0.045920,0.940137,0.000172
1.487758,-0.478960,0.298530,0.337883,-0.045250,0.940100,0.000011
1.488184,-0.480522,0.298422,0.338228,-0.044740,0.940000,-0.000029
1.488646,-0.482111,0.297252,0.338411,-0.044214,0.939959,-0.000088
1.489200,-0.483576,0.297088,0.338654,-0.043750,0.939893,0.000007
1.489574,-0.485167,0.295935,0.338835,-0.043217,0.939853,-0.000093
1.489957,-0.486520,0.295643,0.339017,-0.042745,0.939809,0.000038
1.490222,-0.488091,0.295462,0.339175,-0.042108,0.939780,0.000007
1.490472,-0.489425,0.294164,0.339348,-0.041626,0.939739,0.000095
1.490622,-0.490900,0.293949,0.339519,-0.041010,0.939705,0.000063
1.490869,-0.492291,0.292762,0.339796,-0.040536,0.939625,0.000127
1.491043,-0.493867,0.292665,0.339991,-0.039880,0.939583,0.000022
1.491294,-0.495301,0.292534,0.340205,-0.039378,0.939526,-0.000097
1.491411,-0.496860,0.291483,0.340337,-0.038708,0.939506,-0.000187
1.491472,-0.498229,0.291162,0.340561,-0.038088,0.939451,-0.000130
1.491527,-0.499704,0.290231,0.340709,-0.037439,0.939423,-0.000180
1.491623,-0.501024,0.289673,0.340882,-0.036782,0.939386,0.000028
1.491705,-0.502517,0.289484,0.341029,-0.036213,0.939355,-0.000092
1.492002,-0.503774,0.288357,0.341185,-0.035673,0.939319,0.000064
1.492184,-0.505179,0.288146,0.341307,-0.035178,0.939293,-0.000036
1.492677,-0.506308,0.287886,0.341544,-0.034892,0.939218,0.000044
1.493074,-0.507712,0.286970,0.341734,-0.034464,0.939164,-0.000002
1.493564,-0.508856,0.286742,0.341982,-0.034209,0.939084,0.000038
1.493851,-0.510178,0.285686,0.342076,-0.033727,0.939067,0.000061
1.494230,-0.511396,0.285443,0.342234,-0.033334,0.939023,0.000111
1.494396,-0.512824,0.285268,0.342370,-0.032764,0.938994,0.000020
1.494604,-0.514109,0.284262,0.342551,-0.032278,0.938944,0.000153
1.494872,-0.515405,0.284099,0.342779,-0.031836,0.938877,0.000119
1.495223,-0.516557,0.283111,0.342934,-0.031506,0.938831,0.000184
1.495572,-0.517757,0.282950,0.343121,-0.031138,0.938775,0.000185
1.495739,-0.518866,0.282625,0.343274,-0.030725,0.938733,0.000256
1.495882,-0.520196,0.281804,0.343383,-0.030206,0.938710,0.000146
1.495875,-0.521334,0.281479,0.343570,-0.029708,0.938657,0.000232
1.495850,-0.522618,0.281277,0.343698,-0.029115,0.938629,0.000169
1.495789,-0.523785,0.280295,0.343757,-0.028546,0.938625,0.000203
1.495612,-0.525206,0.280114,0.343909,-0.027856,0.938590,0.000052
1.495517,-0.526377,0.279146,0.344147,-0.027367,0.938517,0.000046
1.495372,-0.527791,0.278980,0.344307,-0.026685,0.938478,-0.000047
1.495435,-0.529021,0.278800,0.344431,-0.026182,0.938447,-0.000094
1.495373,-0.530348,0.278086,0.344510,-0.025532,0.938435,-0.000214
1.495547,-0.531276,0.277808,0.344719,-0.025275,0.938365,-0.000153
1.495571,-0.532494,0.277081,0.344849,-0.024748,0.938332,-0.000189
1.495889,-0.533466,0.276852,0.345051,-0.024529,0.938263,-0.000141
1.496044,-0.534650,0.276700,0.345157,-0.024076,0.938236,-0.000155
1.496281,-0.535586,0.275838,0.345241,-0.023798,0.938212,-0.000029
1.496529,-0.536613,0.275588,0.345394,-0.023410,0.938166,0.000030
1.496853,-0.537490,0.274761,0.345515,-0.023197,0.938126,0.000088
1.497083,-0.538565,0.274567,0.345636,-0.022819,0.938091,0.000064
1.497409,-0.539559,0.274390,0.345786,-0.022634,0.938040,0.000004
1.497532,-0.540698,0.273837,0.345967,-0.022203,0.937984,-0.000051
1.497678,-0.541605,0.273500,0.346120,-0.021897,0.937935,0.000016
1.497758,-0.542667,0.272951,0.346233,-0.021460,0.937903,0.000018
1.497826,-0.543582,0.272539,0.346323,-0.021121,0.937878,0.000092
1.497865,-0.544665,0.272341,0.346430,-0.020676,0.937848,0.000067
1.497826,-0.545679,0.271654,0.346563,-0.020268,0.937808,0.000073
1.497668,-0.546818,0.271380,0.346621,-0.019666,0.937799,0.000032
1.497669,-0.547698,0.271025,0.346670,-0.019293,0.937789,0.000028
1.497707,-0.548672,0.270467,0.346743,-0.018839,0.937771,0.000040
1.497836,-0.549577,0.270256,0.347020,-0.018626,0.937673,0.000010
1.497912,-0.550626,0.269763,0.347138,-0.018233,0.937637,-0.000063
1.498096,-0.551526,0.269568,0.347292,-0.018013,0.937584,-0.000130
1.498508,-0.552345,0.269448,0.347439,-0.017890,0.937532,-0.000118
1.498941,-0.552941,0.268891,0.347587,-0.017772,0.937479,0.000087
1.499100,-0.553795,0.268666,0.347702,-0.017592,0.937440,0.000055
1.498968,-0.554659,0.267978,0.347722,-0.017045,0.937443,0.000144
1.498830,-0.555672,0.267686,0.347742,-0.016545,0.937444,0.000107
1.498599,-0.556584,0.267293,0.347832,-0.016004,0.937420,0.000146
1.498398,-0.557725,0.266837,0.347935,-0.015470,0.937391,0.000017
1.498357,-0.558541,0.266527,0.348031,-0.015137,0.937361,0.000053
1.498280,-0.559580,0.266208,0.348173,-0.014740,0.937314,-0.000087
1.498405,-0.560434,0.266134,0.348431,-0.014497,0.937222,-0.000123
1.498428,-0.561350,0.266065,0.348564,-0.014142,0.937178,-0.000249
1.498480,-0.562063,0.265633,0.348715,-0.013987,0.937124,-0.000303
1.498561,-0.562603,0.265366,0.348746,-0.013778,0.937116,-0.000215
1.498792,-0.562875,0.264763,0.348765,-0.013766,0.937109,-0.000045
1.498857,-0.563535,0.264463,0.348764,-0.013447,0.937114,0.000011
1.498816,-0.564265,0.264073,0.348787,-0.013128,0.937110,0.000069
1.498842,-0.565217,0.263768,0.348889,-0.012715,0.937078,-0.000002
1.498980,-0.565896,0.263478,0.349060,-0.012529,0.937017,0.000157
1.499113,-0.566739,0.263216,0.349212,-0.012271,0.936963,0.000106
1.499260,-0.567432,0.263022,0.349335,-0.012123,0.936919,0.000010
1.499355,-0.568294,0.262949,0.349469,-0.011830,0.936873,-0.000079
1.499490,-0.568953,0.262612,0.349574,-0.011732,0.936835,-0.000133
1.499494,-0.569810,0.262426,0.349655,-0.011314,0.936810,-0.000113
1.499492,-0.570414,0.261903,0.349714,-0.011067,0.936791,0.000027
1.499351,-0.571264,0.261630,0.349684,-0.010556,0.936808,0.000031
1.499207,-0.571963,0.261273,0.349679,-0.010192,0.936814,0.000031
1.499084,-0.572814,0.260913,0.349735,-0.009745,0.936798,-0.000027
1.499277,-0.573197,0.260622,0.349833,-0.009706,0.936762,0.000132
1.499411,-0.573834,0.260406,0.349933,-0.009491,0.936727,0.000146
1.499581,-0.574386,0.260298,0.350120,-0.009463,0.936657,0.000067
1.499656,-0.575056,0.260244,0.350234,-0.009258,0.936616,-0.000041
1.499800,-0.575550,0.259985,0.350358,-0.009218,0.936571,-0.000096
1.499850,-0.576223,0.259803,0.350407,-0.008965,0.936555,-0.000090
1.499872,-0.576737,0.259363,0.350426,-0.008743,0.936550,0.000009
1.499769,-0.577383,0.259131,0.350486,-0.008464,0.936530,-0.000010
1.499790,-0.577777,0.258811,0.350507,-0.008255,0.936524,0.000150
1.499725,-0.578296,0.258476,0.350528,-0.008023,0.936518,0.000205
1.499693,-0.578746,0.258285,0.350630,-0.007812,0.936481,0.000165
1.499646,-0.579317,0.258116,0.350684,-0.007605,0.936463,0.000038
1.499729,-0.579738,0.258021,0.350776,-0.007481,0.936429,0.000048
1.499704,-0.580263,0.257981,0.350825,-0.007327,0.936412,-0.000097
1.499785,-0.580630,0.257819,0.350977,-0.007253,0.936356,-0.000143
1.499635,-0.581364,0.257680,0.351064,-0.006935,0.936326,-0.000214
1.499427,-0.581976,0.257349,0.351137,-0.006618,0.936301,-0.000197
1.499401,-0.582540,0.257103,0.351166,-0.006321,0.936292,-0.000119
1.499455,-0.582854,0.256675,0.351136,-0.006201,0.936304,0.000074
1.499484,-0.583393,0.256380,0.351108,-0.005888,0.936316,0.000201
1.499588,-0.583981,0.256268,0.351230,-0.005780,0.936271,0.000105
1.499619,-0.584654,0.256116,0.351272,-0.005508,0.936257,0.000050
1.499688,-0.585402,0.256197,0.351472,-0.005367,0.936183,-0.000193
1.499737,-0.586089,0.256131,0.351534,-0.005172,0.936161,-0.000332
1.499601,-0.586681,0.255936,0.351606,-0.004855,0.936135,-0.000345
1.499570,-0.587110,0.255795,0.351651,-0.004656,0.936120,-0.000354
1.499561,-0.587308,0.255454,0.351652,-0.004532,0.936120,-0.000241
1.499622,-0.587536,0.255234,0.351681,-0.004471,0.936109,-0.000150
1.499705,-0.587658,0.254957,0.351663,-0.004392,0.936116,0.000004
1.499840,-0.587911,0.254773,0.351652,-0.004352,0.936121,0.000031
1.499878,-0.588262,0.254573,0.351668,-0.004215,0.936115,0.000098
1.499830,-0.588814,0.254513,0.351767,-0.004029,0.936079,0.000026
1.499777,-0.589368,0.254488,0.351933,-0.003817,0.936017,-0.000085
1.499691,-0.589912,0.254466,0.352002,-0.003622,0.935992,-0.000180
1.499686,-0.590255,0.254288,0.352066,-0.003475,0.935969,-0.000224
1.499795,-0.590455,0.254160,0.352074,-0.003463,0.935966,-0.000179
1.499867,-0.590527,0.253939,0.352055,-0.003431,0.935973,-0.000069
1.499976,-0.590612,0.253683,0.352045,-0.003452,0.935977,0.000091
1.500016,-0.590680,0.253440,0.352075,-0.003384,0.935966,0.000223
1.500100,-0.590840,0.253283,0.352098,-0.003419,0.935957,0.000250
1.500234,-0.590977,0.253202,0.352145,-0.003408,0.935939,0.000268
1.500385,-0.591201,0.253223,0.352168,-0.003430,0.935931,0.000233
1.500444,-0.591544,0.253175,0.352265,-0.003355,0.935894,0.000164
1.500381,-0.592131,0.253204,0.352354,-0.003131,0.935861,0.000038
1.500199,-0.592573,0.253082,0.352426,-0.002908,0.935835,-0.000034
1.500118,-0.592975,0.252946,0.352512,-0.002717,0.935803,-0.000056
1.499921,-0.593248,0.252657,0.352447,-0.002520,0.935829,-0.000037
1.499785,-0.593620,0.252435,0.352416,-0.002227,0.935841,0.000041
1.499688,-0.593994,0.252303,0.352458,-0.002066,0.935826,0.000046
1.499696,-0.594381,0.252220,0.352422,-0.001883,0.935839,0.000021
1.499820,-0.594736,0.252236,0.352521,-0.001870,0.935802,-0.000070
1.499975,-0.595083,0.252283,0.352575,-0.001847,0.935782,-0.000176
1.500089,-0.595278,0.252233,0.352638,-0.001855,0.935758,-0.000122
1.500211,-0.595451,0.252168,0.352664,-0.001842,0.935748,-0.000128
1.500049,-0.595625,0.251996,0.352661,-0.001663,0.935750,-0.000037
1.499991,-0.595759,0.251872,0.352654,-0.001582,0.935752,-0.000046
1.499870,-0.595843,0.251664,0.352625,-0.001439,0.935763,0.000007
1.499810,-0.596063,0.251623,0.352704,-0.001346,0.935734,-0.000048
1.499734,-0.596323,0.251521,0.352707,-0.001168,0.935733,-0.000096
1.499739,-0.596544,0.251471,0.352725,-0.001135,0.935726,-0.000107
1.499764,-0.596763,0.251424,0.352720,-0.001050,0.935728,-0.000156
1.499772,-0.597048,0.251410,0.352758,-0.000982,0.935714,-0.000189
1.499863,-0.597153,0.251399,0.352868,-0.000987,0.935672,-0.000134
1.500011,-0.597141,0.251309,0.352855,-0.001058,0.935677,-0.000088
1.500093,-0.597072,0.251187,0.352903,-0.001147,0.935659,0.000082
1.500122,-0.597097,0.251114,0.352900,-0.001123,0.935661,0.000133
1.500131,-0.597104,0.250986,0.352919,-0.001135,0.935653,0.000122
1.500161,-0.597129,0.250899,0.352854,-0.001070,0.935678,0.000170
1.500191,-0.597258,0.250845,0.352919,-0.001101,0.935653,0.000165
1.500187,-0.597379,0.250794,0.352958,-0.001003,0.935639,0.000202
1.500191,-0.597698,0.250918,0.353081,-0.001024,0.935592,0.000032
1.500139,-0.597954,0.250882,0.353077,-0.000877,0.935594,0.000018
1.499997,-0.598182,0.250800,0.353056,-0.000749,0.935602,-0.000103
1.499960,-0.598346,0.250746,0.353022,-0.000649,0.935615,-0.000058
1.499885,-0.598487,0.250631,0.353002,-0.000504,0.935623,-0.000071
1.499836,-0.598644,0.250561,0.353005,-0.000441,0.935621,-0.000071
1.499817,-0.598748,0.250463,0.352965,-0.000304,0.935636,0.000050
1.499894,-0.598858,0.250426,0.352994,-0.000310,0.935626,0.000070
1.500027,-0.598930,0.250458,0.353163,-0.000429,0.935562,-0.000031
1.500028,-0.599111,0.250484,0.353154,-0.000365,0.935565,-0.000098
1.500083,-0.599192,0.250455,0.353137,-0.000308,0.935572,0.000019
1.500102,-0.599283,0.250476,0.353163,-0.000332,0.935562,-0.000072
1.500056,-0.599313,0.250408,0.353144,-0.000258,0.935569,0.000017
1.500064,-0.599328,0.250398,0.353165,-0.000292,0.935561,-0.000022
1.500004,-0.599420,0.250325,0.353183,-0.000207,0.935554,-0.000058
1.499948,-0.599445,0.250243,0.353158,-0.000168,0.935564,-0.000007
1.499955,-0.599379,0.250135,0.353037,-0.000114,0.935610,0.000145
1.499948,-0.599422,0.250125,0.353071,-0.000131,0.935596,0.000112
1.500007,-0.599414,0.250164,0.353147,-0.000175,0.935568,-0.000016
1.499997,-0.599481,0.250169,0.353174,-0.000194,0.935558,-0.000026
1.499987,-0.599609,0.250211,0.353205,-0.000150,0.935546,-0.000087
1.499958,-0.599643,0.250176,0.353203,-0.000116,0.935547,-0.000011
1.499936,-0.599693,0.250166,0.353164,-0.000073,0.935562,-0.000063
1.499939,-0.599767,0.250154,0.353182,-0.000090,0.935555,-0.000075
1.499959,-0.599820,0.250163,0.353188,-0.000079,0.935552,-0.000128
1.499875,-0.599888,0.250120,0.353189,-0.000019,0.935552,-0.000141
1.499823,-0.599835,0.249989,0.353119,0.000082,0.935578,0.000015
1.499892,-0.599891,0.250042,0.353139,0.000063,0.935571,0.000009
1.499930,-0.599930,0.250064,0.353256,0.000008,0.935527,-0.000064
1.499986,-0.599963,0.250073,0.353216,-0.000017,0.935542,-0.000103
1.500028,-0.599984,0.250070,0.353227,-0.000008,0.935538,0.000018
1.500078,-0.599946,0.250031,0.353178,-0.000020,0.935556,0.000021
1.500124,-0.599950,0.250055,0.353260,-0.000092,0.935525,0.000061
1.500117,-0.599935,0.249993,0.353176,-0.000039,0.935557,0.000085
1.500154,-0.599932,0.250033,0.353301,-0.000133,0.935510,-0.000004
1.500146,-0.599964,0.250031,0.353248,-0.000117,0.935530,-0.000062
1.500117,-0.599970,0.249992,0.353231,-0.000093,0.935536,0.000083
1.500128,-0.600031,0.250034,0.353226,-0.000068,0.935538,0.000028
1.500114,-0.600036,0.250046,0.353287,-0.000079,0.935515,-0.000037
1.500103,-0.600061,0.250071,0.353289,-0.000081,0.935514,-0.000091
1.500112,-0.600009,0.250017,0.353237,-0.000095,0.935534,-0.000000
1.500102,-0.600007,0.250040,0.353246,-0.000054,0.935530,0.000038
1.500056,-0.600019,0.249990,0.353176,-0.000039,0.935557,0.000005
1.500030,-0.600062,0.250026,0.353223,-0.000013,0.935539,0.000005
1.499960,-0.600035,0.249971,0.353185,-0.000006,0.935553,-0.000050
1.499975,-0.600027,0.249970,0.353208,0.000036,0.935545,0.000023
1.499975,-0.600048,0.249989,0.353196,-0.000005,0.935549,0.000000
1.499985,-0.600034,0.249987,0.353211,0.000026,0.935544,0.000007
1.499955,-0.599973,0.249925,0.353142,0.000005,0.935570,-0.000007
1.499935,-0.600019,0.249965,0.353215,0.000039,0.935542,-0.000022
