-1.494567,0.517720,0.012647,0.240001,0.000048,-1.396293,1.919830,-2.094396,-1.570678,-0.000084
-1.494567,0.517720,0.012647,0.240000,-0.000036,-1.396282,1.919878,-2.094504,-1.570954,-0.000048
-1.494567,0.517720,0.012647,0.240000,0.000012,-1.396282,1.919866,-2.094456,-1.570894,-0.000012
-1.494567,0.517720,0.012647,0.239999,0.000036,-1.396258,1.919830,-2.094396,-1.570846,-0.000131
-1.494567,0.517720,0.012647,0.239999,0.000024,-1.396329,1.919842,-2.094240,-1.570942,-0.000036
-1.494567,0.517720,0.012647,0.239999,0.000000,-1.396270,1.919830,-2.094504,-1.570798,-0.000072
-1.494567,0.517720,0.012647,0.239999,0.000048,-1.396282,1.919890,-2.094528,-1.570822,-0.000084
-1.494567,0.517720,0.012647,0.239999,0.000000,-1.396305,1.919830,-2.094396,-1.570690,-0.000072
-1.494567,0.517720,0.012647,0.240001,0.000012,-1.396293,1.919830,-2.094288,-1.570618,-0.000060
-1.494564,0.517720,0.012635,0.240001,0.000048,-1.396282,1.919842,-2.094467,-1.570702,-0.000072
-1.494559,0.517720,0.012611,0.240001,0.000036,-1.396305,1.919854,-2.094516,-1.570534,-0.000096
-1.494554,0.517720,0.012586,0.240001,0.000012,-1.396198,1.919830,-2.094420,-1.570594,-0.000012
-1.494551,0.517720,0.012571,0.240001,0.000048,-1.396234,1.919770,-2.094384,-1.570606,-0.000120
-1.494548,0.517721,0.012556,0.240001,0.000036,-1.396186,1.919770,-2.094467,-1.570666,-0.000024
-1.494543,0.517721,0.012551,0.239999,-0.000012,-1.396102,1.919710,-2.094467,-1.570630,0.000000
-1.494540,0.517721,0.012549,0.239999,0.000060,-1.396006,1.919650,-2.094312,-1.570786,0.000096
-1.494538,0.517721,0.012548,0.239999,0.000060,-1.395934,1.919543,-2.094420,-1.570774,-0.000036
-1.494538,0.517721,0.012545,0.239999,0.000000,-1.395814,1.919399,-2.094420,-1.570774,-0.000036
-1.494540,0.517721,0.012542,0.239999,0.000024,-1.395706,1.919291,-2.094444,-1.570738,0.000024
-1.494541,0.517721,0.012538,0.239995,0.000048,-1.395527,1.919015,-2.094348,-1.570726,0.000024
-1.494551,0.517720,0.012519,0.239995,0.000072,-1.395455,1.918884,-2.094372,-1.570618,0.000084
-1.494563,0.517720,0.012511,0.239995,0.000036,-1.395119,1.918633,-2.094240,-1.570522,-0.000024
-1.494585,0.517720,0.012453,0.239988,0.000048,-1.395000,1.918417,-2.094252,-1.570522,0.000024
-1.494641,0.517719,0.012455,0.239988,0.000036,-1.394640,1.918058,-2.094336,-1.570462,0.000000
-1.494698,0.517719,0.012456,0.239977,0.000012,-1.394449,1.917806,-2.094240,-1.570606,0.000036
-1.494783,0.517718,0.012453,0.239977,0.000072,-1.394030,1.917351,-2.094300,-1.570522,-0.000048
-1.494884,0.517716,0.012518,0.239977,0.000096,-1.393814,1.917052,-2.094240,-1.570582,0.000156
-1.494997,0.517715,0.012523,0.239965,0.000036,-1.393275,1.916525,-2.094324,-1.570582,0.000036
-1.495167,0.517713,0.012671,0.239965,0.000024,-1.392927,1.916178,-2.094168,-1.570642,0.000227
-1.495336,0.517711,0.012819,0.239965,0.000000,-1.392365,1.915400,-2.094156,-1.570594,0.000096
-1.495528,0.517708,0.012848,0.239949,0.000012,-1.391957,1.914921,-2.093988,-1.570630,0.000263
-1.495719,0.517706,0.012872,0.239949,-0.000036,-1.391215,1.914047,-2.094024,-1.570678,0.000239
-1.495916,0.517703,0.012872,0.239931,-0.000096,-1.390712,1.913461,-2.093868,-1.570438,0.000371
-1.496118,0.517701,0.012853,0.239931,-0.000252,-1.389741,1.912419,-2.093832,-1.570510,0.000263
-1.496320,0.517698,0.012835,0.239931,-0.000323,-1.389058,1.911689,-2.093796,-1.570570,0.000347
-1.496550,0.517695,0.012806,0.239906,-0.000347,-1.387980,1.910384,-2.093425,-1.570498,0.000323
-1.496794,0.517692,0.012837,0.239906,-0.000419,-1.387249,1.909498,-2.093353,-1.570510,0.000383
-1.497051,0.517689,0.012799,0.239876,-0.000479,-1.386016,1.908097,-2.093077,-1.570450,0.000407
-1.497394,0.517684,0.013021,0.239876,-0.000515,-1.385225,1.907104,-2.092921,-1.570558,0.000419
-1.497733,0.517680,0.013241,0.239876,-0.000599,-1.383836,1.905487,-2.092921,-1.570414,0.000551
-1.498124,0.517675,0.013322,0.239839,-0.000695,-1.382877,1.904278,-2.092705,-1.570558,0.000551
-1.498525,0.517669,0.013450,0.239839,-0.000946,-1.381284,1.902411,-2.092489,-1.570522,0.000719
-1.498966,0.517663,0.013392,0.239797,-0.000994,-1.380218,1.901081,-2.092237,-1.570545,0.000659
-1.499466,0.517657,0.013633,0.239797,-0.001210,-1.378421,1.898915,-2.091950,-1.570498,0.000791
-1.499992,0.517649,0.013772,0.239797,-0.001306,-1.377187,1.897454,-2.091746,-1.570306,0.000779
-1.500578,0.517641,0.013983,0.239751,-0.001485,-1.375139,1.894976,-2.091255,-1.570186,0.000958
-1.501208,0.517632,0.014209,0.239751,-0.001604,-1.373629,1.893300,-2.090919,-1.570113,0.001018
-1.501805,0.517624,0.014353,0.239694,-0.001808,-1.371306,1.890462,-2.090559,-1.570090,0.000982
-1.502475,0.517614,0.014613,0.239694,-0.002024,-1.369736,1.888607,-2.090247,-1.570041,0.001042
-1.503157,0.517604,0.014819,0.239694,-0.002276,-1.367173,1.885565,-2.089624,-1.570065,0.001030
-1.503896,0.517593,0.015185,0.239632,-0.002431,-1.365328,1.883447,-2.089228,-1.569945,0.001186
-1.504649,0.517582,0.015488,0.239632,-0.002743,-1.362537,1.880011,-2.088701,-1.570137,0.001210
-1.505488,0.517569,0.015675,0.239562,-0.002934,-1.360477,1.877604,-2.088341,-1.570125,0.001258
-1.506360,0.517555,0.016013,0.239562,-0.003258,-1.357374,1.873761,-2.087610,-1.570125,0.001521
-1.507320,0.517540,0.015966,0.239489,-0.003521,-1.355301,1.871163,-2.087190,-1.570065,0.001461
-1.508359,0.517523,0.016294,0.239489,-0.003917,-1.351912,1.866877,-2.086554,-1.569982,0.001653
-1.509421,0.517506,0.016436,0.239489,-0.004216,-1.349636,1.863932,-2.086051,-1.569814,0.001629
-1.510545,0.517487,0.016479,0.239405,-0.004611,-1.345946,1.859227,-2.085164,-1.569825,0.001785
-1.511699,0.517468,0.016610,0.239405,-0.004899,-1.343443,1.856126,-2.084517,-1.569765,0.001845
-1.512943,0.517447,0.016786,0.239315,-0.005186,-1.339286,1.851086,-2.083617,-1.569825,0.002025
-1.514232,0.517426,0.017203,0.239315,-0.005402,-1.336435,1.847554,-2.082946,-1.569681,0.002061
-1.515556,0.517403,0.017460,0.239315,-0.005689,-1.331835,1.841963,-2.081807,-1.569753,0.002168
-1.516991,0.517377,0.017888,0.239221,-0.005904,-1.328769,1.838084,-2.081039,-1.569693,0.002204
-1.518422,0.517352,0.018309,0.239221,-0.006264,-1.323833,1.831882,-2.079793,-1.569633,0.002528
-1.519917,0.517324,0.018780,0.239117,-0.006516,-1.320491,1.827752,-2.078905,-1.569573,0.002683
-1.521452,0.517295,0.019431,0.239117,-0.006899,-1.315293,1.821011,-2.077670,-1.569381,0.002899
-1.523058,0.517264,0.019761,0.239117,-0.007234,-1.311759,1.816473,-2.076676,-1.569429,0.002923
-1.524743,0.517230,0.020489,0.239011,-0.007821,-1.306165,1.809230,-2.075188,-1.569237,0.003103
-1.526479,0.517194,0.020995,0.239011,-0.008217,-1.302523,1.804250,-2.074169,-1.569237,0.003186
-1.528313,0.517156,0.021472,0.238901,-0.008935,-1.296462,1.796276,-2.072443,-1.569129,0.003258
-1.530183,0.517115,0.022172,0.238901,-0.009390,-1.292342,1.791104,-2.071220,-1.569105,0.003558
-1.532217,0.517070,0.022449,0.238820,-0.010205,-1.285657,1.782759,-2.069314,-1.569201,0.003666
-1.534292,0.517023,0.022910,0.238795,-0.010708,-1.281297,1.777096,-2.067947,-1.569057,0.003857
-1.536404,0.516975,0.023191,0.238795,-0.011546,-1.274493,1.767914,-2.065861,-1.569093,0.004157
-1.538678,0.516921,0.023765,0.238686,-0.011977,-1.269882,1.761855,-2.064458,-1.568925,0.004229
-1.540935,0.516868,0.024300,0.238686,-0.012600,-1.262574,1.752074,-2.062192,-1.568805,0.004576
-1.543291,0.516810,0.024870,0.238579,-0.012935,-1.257771,1.745597,-2.060586,-1.568781,0.004636
-1.545691,0.516750,0.025676,0.238579,-0.013666,-1.250189,1.735168,-2.058068,-1.568577,0.004912
-1.548165,0.516686,0.026193,0.238579,-0.014133,-1.245121,1.728272,-2.056258,-1.568565,0.005067
-1.550704,0.516619,0.027081,0.238475,-0.014912,-1.236988,1.717185,-2.053488,-1.568409,0.005235
-1.553311,0.516548,0.027709,0.238475,-0.015427,-1.231335,1.709894,-2.051509,-1.568409,0.005486
-1.556006,0.516473,0.028212,0.238380,-0.016290,-1.222614,1.698029,-2.048597,-1.568229,0.005786
-1.558706,0.516396,0.028851,0.238380,-0.016924,-1.216816,1.690319,-2.046342,-1.568277,0.006085
-1.561544,0.516314,0.029458,0.238380,-0.017846,-1.207785,1.677819,-2.043057,-1.568205,0.006480
-1.564400,0.516229,0.030274,0.238295,-0.018361,-1.201951,1.669414,-2.040803,-1.568144,0.006624
-1.567262,0.516142,0.030988,0.238295,-0.019176,-1.192584,1.656304,-2.037267,-1.568048,0.007008
-1.570276,0.516048,0.032141,0.238227,-0.019799,-1.186403,1.647611,-2.034761,-1.568001,0.007235
-1.573336,0.515948,0.033145,0.238227,-0.020721,-1.177012,1.633818,-2.031020,-1.567844,0.007559
-1.576445,0.515845,0.034099,0.238227,-0.021356,-1.170532,1.624731,-2.028286,-1.567772,0.007822
-1.579571,0.515737,0.035157,0.238179,-0.022398,-1.160446,1.610446,-2.024126,-1.567724,0.008181
-1.582781,0.515624,0.035985,0.238179,-0.023129,-1.153869,1.600892,-2.021321,-1.567616,0.008421
-1.586002,0.515507,0.036911,0.238152,-0.024422,-1.143400,1.586069,-2.016980,-1.567628,0.008817
-1.589253,0.515386,0.037818,0.238152,-0.025248,-1.136489,1.576119,-2.013935,-1.567484,0.009068
-1.592541,0.515261,0.038875,0.238152,-0.026518,-1.125877,1.560709,-2.009307,-1.567376,0.009583
-1.595822,0.515132,0.039929,0.238151,-0.027141,-1.118845,1.550460,-2.006130,-1.567256,0.009931
-1.599097,0.515001,0.041017,0.238151,-0.028303,-1.108100,1.534678,-2.001203,-1.567028,0.010314
-1.602385,0.514865,0.042130,0.238192,-0.029117,-1.100769,1.524190,-1.997834,-1.566932,0.010554
-1.605676,0.514725,0.043291,0.238192,-0.030423,-1.089809,1.507905,-1.992786,-1.566644,0.011033
-1.608970,0.514582,0.044500,0.238192,-0.031214,-1.082671,1.497081,-1.989381,-1.566572,0.011404
-1.612251,0.514434,0.045704,0.238237,-0.032519,-1.071746,1.480545,-1.984154,-1.566536,0.011824
-1.615468,0.514286,0.047076,0.238237,-0.033357,-1.064391,1.469672,-1.980497,-1.566416,0.012099
-1.618717,0.514132,0.048461,0.238237,-0.034783,-1.053468,1.453231,-1.975090,-1.566451,0.012806
-1.621900,0.513977,0.049802,0.238249,-0.035645,-1.046101,1.442239,-1.971482,-1.566295,0.013201
-1.625074,0.513817,0.051121,0.238249,-0.037166,-1.034997,1.425775,-1.965751,-1.566223,0.013596
-1.628114,0.513661,0.052454,0.238269,-0.038112,-1.027691,1.414818,-1.962070,-1.566151,0.013824
-1.631074,0.513504,0.053822,0.238269,-0.039933,-1.017318,1.398365,-1.956615,-1.565959,0.014399
-1.634032,0.513344,0.055188,0.238269,-0.040831,-1.010430,1.387300,-1.953018,-1.565839,0.014842
-1.636724,0.513194,0.056524,0.238294,-0.042688,-1.000081,1.371122,-1.947515,-1.565575,0.015513
-1.639418,0.513041,0.057861,0.238294,-0.043718,-0.993398,1.360465,-1.943775,-1.565407,0.015873
-1.642020,0.512889,0.059221,0.238294,-0.045275,-0.983515,1.344837,-1.938415,-1.565191,0.016352
-1.644515,0.512741,0.060598,0.238327,-0.046210,-0.976808,1.334622,-1.934722,-1.565059,0.016699
-1.646965,0.512591,0.061773,0.238327,-0.047958,-0.966986,1.319617,-1.929364,-1.564879,0.017298
-1.649189,0.512453,0.063265,0.238365,-0.049072,-0.960817,1.309881,-1.925886,-1.564795,0.017622
-1.651433,0.512310,0.064770,0.238365,-0.050761,-0.951738,1.295463,-1.920875,-1.564675,0.018125
-1.653368,0.512184,0.065956,0.238365,-0.051815,-0.945760,1.286302,-1.917566,-1.564662,0.018496
-1.655201,0.512062,0.067684,0.238409,-0.053324,-0.937268,1.272805,-1.912915,-1.564458,0.019131
-1.656817,0.511952,0.069405,0.238409,-0.054342,-0.931973,1.264111,-1.909737,-1.564339,0.019502
-1.658203,0.511855,0.071103,0.238457,-0.055959,-0.924128,1.251441,-1.905493,-1.564086,0.020065
-1.659603,0.511755,0.072820,0.238457,-0.057001,-0.918965,1.243525,-1.902532,-1.564002,0.020413
-1.660684,0.511675,0.074696,0.238457,-0.058833,-0.911395,1.231884,-1.898563,-1.563822,0.020916
-1.661767,0.511594,0.076574,0.238509,-0.059876,-0.906664,1.224758,-1.896106,-1.563738,0.021251
-1.662707,0.511521,0.078413,0.238509,-0.062043,-0.899848,1.214315,-1.892581,-1.563450,0.021826
-1.663489,0.511460,0.080184,0.238566,-0.063373,-0.895596,1.207776,-1.890363,-1.563270,0.022174
-1.664280,0.511396,0.081973,0.238566,-0.065505,-0.889500,1.198326,-1.887270,-1.562982,0.022701
-1.664698,0.511361,0.083480,0.238566,-0.066954,-0.885643,1.192530,-1.885291,-1.562898,0.023012
-1.665116,0.511326,0.084982,0.238626,-0.069254,-0.880277,1.184110,-1.882726,-1.562814,0.023504
-1.665317,0.511309,0.085838,0.238626,-0.070572,-0.877018,1.178889,-1.881072,-1.562453,0.023767
-1.665456,0.511297,0.086786,0.238626,-0.072788,-0.872455,1.171427,-1.878877,-1.562201,0.024354
-1.665529,0.511290,0.087424,0.238691,-0.074105,-0.869556,1.166816,-1.877379,-1.562093,0.024582
-1.665395,0.511302,0.088339,0.238691,-0.075973,-0.865376,1.160541,-1.875544,-1.562009,0.025073
-1.665263,0.511314,0.089249,0.238756,-0.077099,-0.862621,1.156696,-1.874322,-1.561865,0.025492
-1.665015,0.511336,0.090439,0.238756,-0.078584,-0.858584,1.151330,-1.872811,-1.561625,0.025816
-1.664656,0.511369,0.091896,0.238756,-0.079531,-0.855997,1.147965,-1.871912,-1.561637,0.026175
-1.664228,0.511409,0.093029,0.238826,-0.080896,-0.852583,1.143330,-1.870857,-1.561373,0.026702
-1.663534,0.511474,0.094768,0.238826,-0.081711,-0.850415,1.140359,-1.870329,-1.561301,0.027109
-1.662847,0.511539,0.096492,0.238899,-0.083135,-0.847601,1.136227,-1.869598,-1.561097,0.027469
-1.661915,0.511630,0.097911,0.238899,-0.084070,-0.845756,1.133688,-1.869130,-1.560845,0.027756
-1.660903,0.511730,0.099732,0.238899,-0.085807,-0.843360,1.130311,-1.868675,-1.560653,0.028140
-1.659832,0.511837,0.101279,0.238972,-0.086993,-0.841803,1.128119,-1.868507,-1.560437,0.028427
-1.658675,0.511955,0.102651,0.238972,-0.088993,-0.839623,1.125448,-1.868255,-1.560028,0.028954
-1.657510,0.512076,0.103939,0.239049,-0.090322,-0.838030,1.123771,-1.868231,-1.559789,0.029206
-1.656345,0.512198,0.105071,0.239049,-0.092430,-0.835982,1.121735,-1.868039,-1.559512,0.029589
-1.655155,0.512323,0.106162,0.239049,-0.093676,-0.834616,1.120430,-1.868255,-1.559332,0.029829
-1.654050,0.512441,0.107197,0.239125,-0.095508,-0.832867,1.118717,-1.868387,-1.559116,0.030344
-1.652857,0.512570,0.108497,0.239125,-0.096658,-0.831765,1.117591,-1.868699,-1.559044,0.030572
-1.651622,0.512705,0.109582,0.239198,-0.098431,-0.830280,1.116070,-1.868783,-1.558828,0.031027
-1.650369,0.512843,0.110771,0.239198,-0.099449,-0.829358,1.115052,-1.869142,-1.558588,0.031266
-1.649027,0.512993,0.111758,0.239198,-0.101270,-0.827993,1.113674,-1.869478,-1.558276,0.031542
-1.647624,0.513151,0.112515,0.239276,-0.102384,-0.826950,1.112823,-1.869862,-1.558011,0.031817
-1.646162,0.513316,0.113524,0.239276,-0.104096,-0.825620,1.111698,-1.870509,-1.557831,0.032309
-1.644642,0.513490,0.114267,0.239350,-0.105127,-0.824686,1.111027,-1.870905,-1.557711,0.032680
-1.643027,0.513676,0.115455,0.239350,-0.106672,-0.823368,1.110153,-1.871589,-1.557519,0.033015
-1.641397,0.513865,0.116505,0.239350,-0.107594,-0.822351,1.109530,-1.872152,-1.557327,0.033255
-1.639703,0.514064,0.117745,0.239427,-0.108947,-0.820937,1.108751,-1.872907,-1.556883,0.033806
-1.637929,0.514274,0.119074,0.239427,-0.109894,-0.820051,1.108248,-1.873566,-1.556619,0.034070
-1.636144,0.514488,0.120260,0.239507,-0.111415,-0.818889,1.107625,-1.874405,-1.556138,0.034321
-1.634330,0.514708,0.121564,0.239507,-0.112576,-0.818158,1.107243,-1.875077,-1.555910,0.034645
-1.632492,0.514933,0.122829,0.239507,-0.114337,-0.817116,1.106716,-1.876048,-1.555730,0.034872
-1.630708,0.515154,0.123901,0.239581,-0.115523,-0.816458,1.106368,-1.876672,-1.555514,0.035196
-1.628893,0.515380,0.124465,0.239581,-0.117499,-0.815403,1.106141,-1.877679,-1.555250,0.035651
-1.627077,0.515608,0.125030,0.239581,-0.118649,-0.814792,1.105889,-1.878410,-1.555070,0.035974
-1.625165,0.515849,0.126041,0.239658,-0.120194,-0.813810,1.105529,-1.879357,-1.554673,0.036429
-1.623250,0.516092,0.127039,0.239658,-0.121164,-0.813091,1.105290,-1.880076,-1.554578,0.036609
-1.621376,0.516332,0.127765,0.239734,-0.122613,-0.812086,1.105098,-1.881192,-1.554217,0.036981
-1.619581,0.516563,0.128227,0.239734,-0.123668,-0.811295,1.104895,-1.881959,-1.554037,0.037184
-1.617788,0.516794,0.128688,0.239734,-0.125129,-0.810181,1.104715,-1.883050,-1.553677,0.037568
-1.615942,0.517033,0.129198,0.239804,-0.126098,-0.809462,1.104499,-1.883841,-1.553389,0.037843
-1.614093,0.517273,0.129670,0.239804,-0.127296,-0.808336,1.104140,-1.884884,-1.553052,0.038251
-1.612190,0.517522,0.130096,0.239879,-0.128087,-0.807594,1.103865,-1.885603,-1.552705,0.038598
-1.610242,0.517777,0.130474,0.239879,-0.129153,-0.806480,1.103470,-1.886742,-1.552332,0.038933
-1.608308,0.518031,0.130849,0.239879,-0.129956,-0.805845,1.103146,-1.887582,-1.552188,0.039257
-1.606236,0.518304,0.131570,0.239950,-0.131117,-0.804851,1.102655,-1.888745,-1.551732,0.039724
-1.604161,0.518579,0.132291,0.239950,-0.131788,-0.804096,1.102404,-1.889523,-1.551420,0.040012
-1.602051,0.518860,0.132972,0.240021,-0.132902,-0.802767,1.102104,-1.890711,-1.551155,0.040455
-1.599889,0.519150,0.133619,0.240021,-0.133597,-0.801905,1.101852,-1.891478,-1.550927,0.040790
-1.597719,0.519442,0.134134,0.240021,-0.134759,-0.800682,1.101529,-1.892593,-1.550663,0.041042
-1.595504,0.519741,0.134589,0.240093,-0.135573,-0.799832,1.101362,-1.893420,-1.550423,0.041306
-1.593281,0.520042,0.135045,0.240093,-0.136926,-0.798622,1.101110,-1.894727,-1.550051,0.041701
-1.591051,0.520345,0.135353,0.240162,-0.137705,-0.797772,1.100931,-1.895470,-1.549679,0.041952
-1.588801,0.520652,0.135664,0.240162,-0.138807,-0.796657,1.100595,-1.896813,-1.549162,0.042539
-1.586552,0.520959,0.135943,0.240162,-0.139501,-0.795843,1.100379,-1.897701,-1.548838,0.042887
-1.584197,0.521282,0.136616,0.240231,-0.140663,-0.794706,1.100080,-1.899031,-1.548526,0.043126
-1.581830,0.521607,0.137261,0.240231,-0.141322,-0.793987,1.099816,-1.899954,-1.548286,0.043378
-1.579528,0.521926,0.137528,0.240297,-0.142352,-0.792873,1.099673,-1.901190,-1.547878,0.043785
-1.577272,0.522238,0.137660,0.240297,-0.143059,-0.792118,1.099445,-1.902232,-1.547698,0.044109
-1.575018,0.522550,0.137807,0.240297,-0.144101,-0.791040,1.099217,-1.903611,-1.547361,0.044672
-1.572750,0.522865,0.137941,0.240364,-0.144796,-0.790106,1.099122,-1.904534,-1.547157,0.044923
-1.570497,0.523178,0.138041,0.240364,-0.145729,-0.788716,1.098846,-1.905901,-1.546809,0.045306
-1.568152,0.523504,0.138443,0.240427,-0.146437,-0.787877,1.098691,-1.906704,-1.546461,0.045606
-1.565788,0.523833,0.138682,0.240427,-0.147394,-0.786716,1.098199,-1.908058,-1.545849,0.046049
-1.563360,0.524172,0.138810,0.240427,-0.147910,-0.785842,1.097948,-1.908946,-1.545453,0.046289
-1.560924,0.524513,0.138990,0.240489,-0.149012,-0.784644,1.097481,-1.910468,-1.545009,0.046732
-1.558429,0.524862,0.138894,0.240489,-0.149563,-0.783769,1.097182,-1.911356,-1.544637,0.047056
-1.555930,0.525211,0.138939,0.240489,-0.150521,-0.782536,1.096822,-1.912699,-1.544120,0.047559
-1.553400,0.525565,0.138908,0.240551,-0.151036,-0.781625,1.096570,-1.913634,-1.543928,0.047882
-1.550836,0.525923,0.138832,0.240551,-0.151814,-0.780308,1.096211,-1.915000,-1.543639,0.048241
-1.548262,0.526283,0.138738,0.240612,-0.152329,-0.779385,1.095984,-1.915911,-1.543484,0.048529
-1.545689,0.526642,0.138595,0.240612,-0.153060,-0.777936,1.095732,-1.917386,-1.543100,0.049032
-1.543055,0.527010,0.138702,0.240612,-0.153503,-0.776906,1.095493,-1.918345,-1.542739,0.049380
-1.540391,0.527382,0.138691,0.240669,-0.154246,-0.775504,1.095109,-1.919940,-1.542007,0.049799
-1.537726,0.527753,0.138770,0.240669,-0.154689,-0.774582,1.094882,-1.920839,-1.541551,0.050039
-1.535000,0.528134,0.138900,0.240729,-0.155299,-0.773480,1.094415,-1.922398,-1.541035,0.050578
-1.532291,0.528513,0.138987,0.240729,-0.155826,-0.772426,1.094319,-1.923369,-1.540842,0.050925
-1.529541,0.528898,0.139202,0.240729,-0.156677,-0.770870,1.094067,-1.924879,-1.540518,0.051440
-1.526808,0.529281,0.139398,0.240784,-0.157097,-0.770186,1.093696,-1.926066,-1.540314,0.051620
-1.524083,0.529663,0.139471,0.240784,-0.157851,-0.768929,1.093289,-1.927517,-1.539786,0.052147
-1.521363,0.530045,0.139302,0.240841,-0.158390,-0.768006,1.093121,-1.928548,-1.539425,0.052458
-1.518634,0.530428,0.139132,0.240841,-0.159360,-0.766497,1.092797,-1.930167,-1.538801,0.052794
-1.515940,0.530805,0.138916,0.240841,-0.160055,-0.765562,1.092558,-1.931234,-1.538381,0.053082
-1.513218,0.531185,0.138675,0.240896,-0.160821,-0.763873,1.092270,-1.932732,-1.537876,0.053764
-1.510502,0.531564,0.138322,0.240896,-0.161384,-0.762832,1.092031,-1.933715,-1.537504,0.054124
-1.507770,0.531944,0.137611,0.240948,-0.161959,-0.761406,1.091552,-1.935322,-1.537036,0.054615
-1.505043,0.532321,0.136901,0.240948,-0.162450,-0.760376,1.091228,-1.936426,-1.536856,0.054902
-1.502166,0.532717,0.136736,0.240948,-0.162929,-0.758915,1.090641,-1.938020,-1.536472,0.055381
-1.499247,0.533119,0.136492,0.241000,-0.163193,-0.757813,1.090306,-1.939039,-1.536124,0.055705
-1.496272,0.533527,0.136323,0.241000,-0.163552,-0.756448,1.089731,-1.940597,-1.535343,0.056184
-1.493264,0.533940,0.136019,0.241052,-0.163899,-0.755430,1.089288,-1.941712,-1.534875,0.056651
-1.490232,0.534355,0.135788,0.241052,-0.164450,-0.753944,1.088893,-1.943366,-1.534287,0.057178
-1.487189,0.534770,0.135593,0.241052,-0.164786,-0.752854,1.088617,-1.944398,-1.533999,0.057573
-1.484136,0.535187,0.135398,0.241100,-0.165373,-0.751189,1.088234,-1.946040,-1.533578,0.057909
-1.481068,0.535604,0.135116,0.241100,-0.165696,-0.750099,1.088031,-1.947179,-1.533254,0.058292
-1.477991,0.536022,0.134741,0.241100,-0.166331,-0.748566,1.087575,-1.948882,-1.532822,0.058783
-1.474901,0.536441,0.134367,0.241149,-0.166702,-0.747488,1.087336,-1.950033,-1.532354,0.059095
-1.471752,0.536866,0.133827,0.241149,-0.167241,-0.745955,1.086917,-1.951748,-1.531741,0.059622
-1.468628,0.537286,0.133292,0.241194,-0.167684,-0.744901,1.086617,-1.952886,-1.531322,0.059993
-1.465451,0.537712,0.132780,0.241194,-0.168044,-0.743391,1.086198,-1.954648,-1.530710,0.060652
-1.462279,0.538135,0.132312,0.241194,-0.168475,-0.742493,1.085923,-1.955836,-1.530397,0.060999
-1.459085,0.538560,0.131911,0.241241,-0.168918,-0.740984,1.085539,-1.957634,-1.529725,0.061634
-1.455883,0.538985,0.131500,0.241241,-0.169145,-0.739834,1.085288,-1.958821,-1.529388,0.062042
-1.452696,0.539406,0.131105,0.241287,-0.169565,-0.738181,1.084821,-1.960631,-1.528668,0.062413
-1.449484,0.539829,0.130599,0.241287,-0.169792,-0.736887,1.084701,-1.961734,-1.528248,0.062785
-1.446247,0.540254,0.130088,0.241287,-0.170379,-0.735258,1.084114,-1.963677,-1.527863,0.063383
-1.442977,0.540681,0.129570,0.241331,-0.170667,-0.733929,1.083982,-1.964815,-1.527528,0.063755
-1.439704,0.541107,0.128954,0.241331,-0.171002,-0.732312,1.083443,-1.966590,-1.526831,0.064318
-1.436369,0.541539,0.128392,0.241374,-0.171290,-0.731198,1.083072,-1.967897,-1.526399,0.064701
-1.433018,0.541971,0.127844,0.241374,-0.171696,-0.729653,1.082521,-1.969755,-1.525606,0.065324
-1.429643,0.542405,0.127363,0.241374,-0.171972,-0.728575,1.082210,-1.970954,-1.525114,0.065684
-1.426194,0.542846,0.126672,0.241414,-0.172595,-0.726826,1.081755,-1.972776,-1.524586,0.066199
-1.422761,0.543282,0.125983,0.241414,-0.172727,-0.725700,1.081467,-1.974071,-1.524274,0.066582
-1.419304,0.543719,0.125348,0.241454,-0.173253,-0.723999,1.081024,-1.975809,-1.523722,0.067265
-1.415821,0.544158,0.124692,0.241454,-0.173445,-0.722981,1.080712,-1.977140,-1.523157,0.067540
-1.412360,0.544591,0.124082,0.241454,-0.173769,-0.721076,1.080413,-1.979010,-1.522569,0.068211
-1.408825,0.545031,0.123346,0.241495,-0.173972,-0.719987,1.080090,-1.980282,-1.522113,0.068619
-1.405314,0.545466,0.122615,0.241495,-0.174176,-0.718250,1.079659,-1.982176,-1.521428,0.069218
-1.401791,0.545899,0.121891,0.241534,-0.174440,-0.717219,1.079275,-1.983542,-1.521008,0.069541
-1.398251,0.546332,0.121116,0.241534,-0.174643,-0.715422,1.078844,-1.985413,-1.520288,0.070296
-1.394677,0.546767,0.120440,0.241534,-0.174895,-0.714284,1.078509,-1.986780,-1.519844,0.070703
-1.391091,0.547200,0.119802,0.241571,-0.175182,-0.712584,1.078017,-1.988782,-1.519279,0.071266
-1.387482,0.547634,0.119232,0.241571,-0.175314,-0.711422,1.077766,-1.990041,-1.518775,0.071829
-1.383793,0.548075,0.118486,0.241571,-0.175721,-0.709637,1.077275,-1.992102,-1.518079,0.072392
-1.380119,0.548512,0.117743,0.241609,-0.176009,-0.708356,1.076999,-1.993349,-1.517659,0.072751
-1.376413,0.548950,0.117054,0.241609,-0.176248,-0.706415,1.076496,-1.995388,-1.517058,0.073470
-1.372670,0.549389,0.116277,0.241647,-0.176512,-0.705158,1.076244,-1.996719,-1.516662,0.073842
-1.368924,0.549826,0.115510,0.241647,-0.176727,-0.703277,1.075717,-1.998853,-1.515930,0.074549
-1.365157,0.550262,0.114656,0.241647,-0.176883,-0.701935,1.075490,-2.000183,-1.515449,0.075052
-1.361395,0.550695,0.113803,0.241682,-0.177171,-0.700139,1.075083,-2.002126,-1.514657,0.075699
-1.357607,0.551127,0.113031,0.241682,-0.177278,-0.698977,1.074699,-2.003516,-1.514164,0.076082
-1.353786,0.551560,0.112205,0.241682,-0.177589,-0.697132,1.074244,-2.005615,-1.513613,0.076729
-1.349952,0.551991,0.111400,0.241718,-0.177721,-0.695922,1.073885,-2.007017,-1.513132,0.077256
-1.346109,0.552420,0.110583,0.241718,-0.178057,-0.694102,1.073322,-2.009055,-1.512364,0.077987
-1.342259,0.552847,0.109840,0.241750,-0.178248,-0.692892,1.073010,-2.010411,-1.511776,0.078466
-1.338372,0.553275,0.109075,0.241750,-0.178428,-0.691047,1.072544,-2.012544,-1.511019,0.079173
-1.334478,0.553700,0.108309,0.241750,-0.178572,-0.689789,1.072208,-2.013971,-1.510587,0.079592
-1.330541,0.554128,0.107568,0.241783,-0.178895,-0.687898,1.071741,-2.016045,-1.510059,0.080179
-1.326618,0.554551,0.106768,0.241783,-0.179110,-0.686508,1.071514,-2.017388,-1.509495,0.080718
-1.322659,0.554974,0.106016,0.241783,-0.179350,-0.684735,1.070867,-2.019798,-1.508666,0.081449
-1.318670,0.555398,0.105141,0.241814,-0.179482,-0.683261,1.070723,-2.021021,-1.508174,0.082000
-1.314661,0.555820,0.104261,0.241814,-0.179913,-0.681453,1.070148,-2.023323,-1.507346,0.082742
-1.310638,0.556240,0.103395,0.241840,-0.180045,-0.680243,1.069765,-2.024689,-1.506913,0.083162
-1.306590,0.556659,0.102445,0.241844,-0.180309,-0.678350,1.069226,-2.026884,-1.506096,0.083929
-1.302480,0.557081,0.101592,0.241844,-0.180416,-0.677081,1.068819,-2.028370,-1.505616,0.084432
-1.298358,0.557500,0.100594,0.241874,-0.180608,-0.674937,1.068459,-2.030577,-1.504812,0.085127
-1.294191,0.557920,0.099658,0.241874,-0.180764,-0.673607,1.068052,-2.032099,-1.504296,0.085642
-1.290031,0.558335,0.098695,0.241874,-0.180967,-0.671535,1.067681,-2.034365,-1.503624,0.086409
-1.285843,0.558748,0.097727,0.241901,-0.181171,-0.670229,1.067346,-2.035839,-1.503084,0.086888
-1.281619,0.559161,0.096745,0.241901,-0.181326,-0.668109,1.066962,-2.038105,-1.502207,0.087690
-1.277423,0.559567,0.095712,0.241928,-0.181530,-0.666792,1.066615,-2.039580,-1.501678,0.088217
-1.273195,0.559972,0.094665,0.241928,-0.181650,-0.664827,1.066063,-2.041846,-1.500862,0.088996
-1.268937,0.560375,0.093448,0.241928,-0.181770,-0.663498,1.065728,-2.043369,-1.500382,0.089583
-1.264680,0.560773,0.092296,0.241955,-0.181949,-0.661689,1.065189,-2.045611,-1.499578,0.090254
-1.260383,0.561169,0.091193,0.241955,-0.181925,-0.660323,1.064866,-2.047218,-1.499061,0.090840
-1.256115,0.561559,0.090092,0.241955,-0.181961,-0.658359,1.064363,-2.049508,-1.498196,0.091667
-1.251806,0.561947,0.089055,0.241980,-0.181961,-0.656838,1.064147,-2.051030,-1.497500,0.092170
-1.247488,0.562331,0.087981,0.241980,-0.182153,-0.654981,1.063596,-2.053416,-1.496816,0.093141
-1.243157,0.562712,0.086975,0.242004,-0.182225,-0.653568,1.063344,-2.054927,-1.496323,0.093620
-1.238811,0.563090,0.085920,0.242004,-0.182261,-0.651555,1.062866,-2.057253,-1.495508,0.094435
-1.234423,0.563467,0.084856,0.242004,-0.182261,-0.650166,1.062482,-2.058835,-1.494980,0.094997
-1.230010,0.563841,0.083863,0.242026,-0.182392,-0.647998,1.062027,-2.061113,-1.493983,0.095908
-1.225578,0.564212,0.082804,0.242026,-0.182392,-0.646620,1.061596,-2.062863,-1.493442,0.096531
-1.221152,0.564578,0.081784,0.242026,-0.182620,-0.644560,1.061045,-2.065249,-1.492614,0.097310
-1.216654,0.564946,0.080637,0.242048,-0.182716,-0.643291,1.060638,-2.066809,-1.492086,0.097897
-1.212168,0.565307,0.079557,0.242048,-0.182764,-0.641134,1.060087,-2.069206,-1.491221,0.098843
-1.207674,0.565664,0.078480,0.242069,-0.182884,-0.639709,1.059740,-2.070765,-1.490573,0.099430
-1.203139,0.566019,0.077337,0.242069,-0.183003,-0.637481,1.059260,-2.073150,-1.489781,0.100257
-1.198559,0.566373,0.076313,0.242069,-0.183099,-0.635960,1.058961,-2.074745,-1.489204,0.100867
-1.193987,0.566722,0.075153,0.242089,-0.183039,-0.633708,1.058434,-2.077179,-1.488256,0.101766
-1.189395,0.567066,0.074064,0.242089,-0.183135,-0.632247,1.058159,-2.078726,-1.487728,0.102425
-1.184741,0.567410,0.072904,0.242089,-0.183350,-0.630222,1.057548,-2.081147,-1.486791,0.103395
-1.180086,0.567748,0.071743,0.242108,-0.183279,-0.628713,1.057236,-2.082790,-1.486263,0.103982
-1.175425,0.568082,0.070621,0.242108,-0.183494,-0.626593,1.056565,-2.085451,-1.485278,0.104917
-1.170743,0.568412,0.069460,0.242124,-0.183471,-0.625203,1.056325,-2.087082,-1.484738,0.105539
-1.166062,0.568736,0.068340,0.242126,-0.183662,-0.623251,1.055799,-2.089672,-1.483838,0.106498
-1.161361,0.569057,0.067163,0.242126,-0.183722,-0.621790,1.055500,-2.091362,-1.483177,0.107121
-1.156671,0.569371,0.066050,0.242142,-0.183781,-0.619646,1.055008,-2.093904,-1.482433,0.108115
-1.151948,0.569682,0.064979,0.242142,-0.183794,-0.618148,1.054769,-2.095595,-1.481736,0.108810
-1.147194,0.569990,0.063888,0.242142,-0.183890,-0.615969,1.054254,-2.098136,-1.480908,0.109732
-1.142459,0.570292,0.062805,0.242158,-0.184021,-0.614375,1.053954,-2.099707,-1.480236,0.110355
-1.137706,0.570589,0.061590,0.242158,-0.184009,-0.612195,1.053415,-2.102392,-1.479312,0.111278
-1.132964,0.570880,0.060447,0.242172,-0.184129,-0.610638,1.053008,-2.104023,-1.478711,0.111997
-1.128154,0.571170,0.059252,0.242172,-0.184189,-0.608398,1.052457,-2.106553,-1.477751,0.112979
-1.123293,0.571457,0.058000,0.242172,-0.184369,-0.606853,1.052026,-2.108280,-1.477139,0.113662
-1.118421,0.571738,0.056733,0.242186,-0.184477,-0.604565,1.051475,-2.110809,-1.476106,0.114680
-1.113576,0.572012,0.055423,0.242186,-0.184513,-0.603140,1.050996,-2.112704,-1.475578,0.115327
-1.108682,0.572282,0.054211,0.242186,-0.184489,-0.600876,1.050493,-2.115161,-1.474629,0.116417
-1.103745,0.572548,0.052876,0.242199,-0.184549,-0.599546,1.049953,-2.117116,-1.474041,0.117172
-1.098805,0.572808,0.051599,0.242199,-0.184489,-0.597007,1.049690,-2.119501,-1.472973,0.118106
-1.093879,0.573061,0.050342,0.242210,-0.184596,-0.595630,1.049235,-2.121420,-1.472408,0.118837
-1.088905,0.573310,0.049028,0.242210,-0.184561,-0.593329,1.048779,-2.123974,-1.471436,0.119915
-1.083933,0.573552,0.047797,0.242210,-0.184645,-0.591916,1.048397,-2.125820,-1.470787,0.120741
-1.078931,0.573790,0.046488,0.242220,-0.184596,-0.589688,1.047894,-2.128445,-1.469683,0.121736
-1.073917,0.574021,0.045193,0.242220,-0.184704,-0.588167,1.047498,-2.130184,-1.469095,0.122466
-1.068875,0.574248,0.043843,0.242220,-0.184656,-0.585880,1.046851,-2.132893,-1.468278,0.123521
-1.063862,0.574466,0.042474,0.242230,-0.184716,-0.584154,1.046612,-2.134584,-1.467546,0.124287
-1.058824,0.574678,0.041134,0.242230,-0.184573,-0.581950,1.046025,-2.137329,-1.466478,0.125354
-1.053741,0.574886,0.039664,0.242237,-0.184573,-0.580285,1.045797,-2.139129,-1.465865,0.126156
-1.048667,0.575085,0.038262,0.242238,-0.184596,-0.577866,1.045163,-2.141778,-1.464881,0.127222
-1.043575,0.575278,0.036861,0.242238,-0.184561,-0.576321,1.044779,-2.143600,-1.464269,0.127965
-1.038459,0.575465,0.035604,0.242245,-0.184584,-0.573925,1.044228,-2.146322,-1.463272,0.129139
-1.033287,0.575648,0.034419,0.242245,-0.184357,-0.572332,1.043785,-2.148156,-1.462516,0.129858
-1.028135,0.575824,0.033176,0.242245,-0.184405,-0.569876,1.043258,-2.150878,-1.461579,0.131128
-1.022915,0.575995,0.032039,0.242251,-0.184333,-0.568379,1.042863,-2.152808,-1.460871,0.131907
-1.017699,0.576161,0.030824,0.242251,-0.184369,-0.566103,1.042300,-2.155589,-1.459850,0.133081
-1.012484,0.576320,0.029562,0.242255,-0.184405,-0.564606,1.041856,-2.157568,-1.459118,0.133847
-1.007243,0.576473,0.028306,0.242256,-0.184357,-0.562210,1.041366,-2.160230,-1.458134,0.134997
-1.001984,0.576621,0.026937,0.242256,-0.184285,-0.560641,1.040982,-2.162148,-1.457365,0.135764
-0.996693,0.576761,0.025546,0.242261,-0.184513,-0.558437,1.040395,-2.164990,-1.456309,0.136998
-0.991434,0.576894,0.024129,0.242261,-0.184453,-0.556844,1.040072,-2.166752,-1.455576,0.137861
-0.986148,0.577020,0.022727,0.242261,-0.184501,-0.554352,1.039652,-2.169593,-1.454725,0.139070
-0.980874,0.577138,0.021349,0.242264,-0.184513,-0.552771,1.039305,-2.171512,-1.453980,0.139945
-0.975608,0.577248,0.019964,0.242264,-0.184465,-0.550328,1.038802,-2.174317,-1.453031,0.141155
-0.970290,0.577353,0.018597,0.242264,-0.184405,-0.548627,1.038467,-2.176224,-1.452191,0.141958
-0.965007,0.577449,0.017235,0.242266,-0.184429,-0.546040,1.037844,-2.179077,-1.451290,0.143227
-0.959694,0.577539,0.015919,0.242266,-0.184441,-0.544459,1.037448,-2.180996,-1.450534,0.144089
-0.954339,0.577622,0.014429,0.242267,-0.184441,-0.542051,1.036922,-2.183813,-1.449477,0.145347
-0.948915,0.577699,0.013116,0.242267,-0.184405,-0.540434,1.036383,-2.185756,-1.448734,0.146186
-0.943570,0.577767,0.011769,0.242267,-0.184357,-0.538014,1.035736,-2.188705,-1.447809,0.147540
-0.938145,0.577829,0.010356,0.242266,-0.184381,-0.536325,1.035412,-2.190503,-1.446980,0.148450
-0.932681,0.577884,0.008938,0.242266,-0.184345,-0.533869,1.034813,-2.193465,-1.445912,0.149636
-0.927276,0.577930,0.007526,0.242266,-0.184345,-0.532169,1.034490,-2.195323,-1.445095,0.150499
-0.921888,0.577969,0.006139,0.242266,-0.184237,-0.529785,1.033892,-2.198189,-1.444171,0.151864
-0.916463,0.578000,0.004704,0.242266,-0.184381,-0.528048,1.033592,-2.200083,-1.443475,0.152739
-0.911011,0.578024,0.003286,0.242266,-0.184129,-0.525784,1.032897,-2.202984,-1.442371,0.154081
-0.905491,0.578040,0.001841,0.242222,-0.184141,-0.524179,1.032478,-2.204867,-1.441578,0.154859
-0.899987,0.578048,0.000413,0.242222,-0.184165,-0.521735,1.031903,-2.207780,-1.440594,0.156237
-0.894481,0.578048,-0.000928,0.242149,-0.184033,-0.520202,1.031459,-2.209734,-1.439765,0.157135
-0.888950,0.578041,-0.002315,0.242149,-0.184141,-0.517735,1.030969,-2.212588,-1.438624,0.158513
-0.883417,0.578027,-0.003713,0.242149,-0.184033,-0.516118,1.030370,-2.214794,-1.437808,0.159376
-0.877855,0.578004,-0.005104,0.242056,-0.183937,-0.513327,1.030035,-2.217635,-1.436776,0.160777
-0.872319,0.577974,-0.006471,0.242056,-0.184058,-0.511626,1.029615,-2.219769,-1.436092,0.161676
-0.866776,0.577936,-0.007834,0.241949,-0.183925,-0.509111,1.028992,-2.222623,-1.434807,0.163089
-0.861204,0.577890,-0.009466,0.241949,-0.184045,-0.507218,1.028693,-2.224457,-1.434159,0.164060
-0.855592,0.577835,-0.010991,0.241819,-0.183806,-0.505002,1.027998,-2.227419,-1.433078,0.165473
-0.849968,0.577771,-0.012519,0.241819,-0.183890,-0.503337,1.027675,-2.229266,-1.432358,0.166431
-0.844312,0.577698,-0.013899,0.241819,-0.183818,-0.501121,1.026908,-2.232191,-1.431122,0.167833
-0.838691,0.577618,-0.015304,0.241674,-0.183842,-0.499492,1.026585,-2.234037,-1.430461,0.168911
-0.832999,0.577529,-0.016728,0.241674,-0.183842,-0.497168,1.025866,-2.237119,-1.429344,0.170313
-0.827388,0.577433,-0.018115,0.241497,-0.183674,-0.495395,1.025638,-2.238977,-1.428516,0.171319
-0.821718,0.577328,-0.019606,0.241497,-0.183758,-0.493047,1.025099,-2.241962,-1.427448,0.172781
-0.815998,0.577214,-0.021074,0.241497,-0.183698,-0.491419,1.024728,-2.243904,-1.426703,0.173691
-0.810337,0.577093,-0.022580,0.241309,-0.183710,-0.488974,1.024129,-2.246842,-1.425491,0.175152
-0.804615,0.576961,-0.024119,0.241309,-0.183674,-0.487250,1.023806,-2.248808,-1.424674,0.176159
-0.798900,0.576821,-0.025621,0.241099,-0.183614,-0.484722,1.023267,-2.251757,-1.423594,0.177596
-0.793192,0.576673,-0.027146,0.241099,-0.183578,-0.483022,1.022824,-2.253688,-1.422766,0.178639
-0.787465,0.576515,-0.028651,0.241099,-0.183387,-0.480446,1.022273,-2.256793,-1.421637,0.180136
-0.781752,0.576349,-0.030152,0.240854,-0.183315,-0.478913,1.021877,-2.258807,-1.420821,0.181154
-0.776003,0.576174,-0.031559,0.240854,-0.183338,-0.476529,1.021098,-2.261781,-1.419776,0.182700
-0.770265,0.575991,-0.032964,0.240611,-0.183338,-0.474840,1.020739,-2.263591,-1.418960,0.183706
-0.764481,0.575798,-0.034515,0.240611,-0.183338,-0.472385,1.020284,-2.266553,-1.417891,0.185203
-0.758727,0.575597,-0.036086,0.240611,-0.183219,-0.470792,1.019841,-2.268543,-1.417099,0.186233
-0.753009,0.575388,-0.037646,0.240337,-0.183183,-0.468336,1.019278,-2.271385,-1.415899,0.187743
-0.747190,0.575167,-0.039094,0.240337,-0.183075,-0.466791,1.018859,-2.273435,-1.415106,0.188797
-0.741434,0.574940,-0.040560,0.240051,-0.183063,-0.464383,1.018332,-2.276336,-1.413882,0.190342
-0.735628,0.574702,-0.042020,0.240051,-0.182956,-0.462921,1.017841,-2.278422,-1.413101,0.191433
-0.729758,0.574453,-0.043441,0.240051,-0.182848,-0.460454,1.017350,-2.281336,-1.412009,0.193038
-0.723941,0.574198,-0.045000,0.239740,-0.182860,-0.458909,1.016894,-2.283374,-1.411180,0.194128
-0.718105,0.573933,-0.046561,0.239740,-0.182860,-0.456298,1.016367,-2.286395,-1.409956,0.195698
-0.712244,0.573657,-0.048128,0.239407,-0.182812,-0.454693,1.015972,-2.288386,-1.409296,0.196788
-0.706376,0.573372,-0.049733,0.239407,-0.182668,-0.452189,1.015385,-2.291335,-1.407975,0.198393
-0.700573,0.573081,-0.051320,0.239059,-0.182752,-0.450524,1.015014,-2.293422,-1.407147,0.199507
-0.694695,0.572777,-0.052933,0.239059,-0.182428,-0.448009,1.014415,-2.296383,-1.406066,0.201101
-0.688781,0.572461,-0.054492,0.239059,-0.182440,-0.446320,1.014079,-2.298349,-1.405250,0.202226
-0.682940,0.572140,-0.056056,0.238688,-0.182357,-0.443864,1.013468,-2.301238,-1.404025,0.203916
-0.677017,0.571806,-0.057528,0.238688,-0.182189,-0.442319,1.013121,-2.303265,-1.403101,0.205030
-0.671113,0.571463,-0.059010,0.238299,-0.182261,-0.440091,1.012439,-2.306430,-1.401936,0.206707
-0.665167,0.571110,-0.060535,0.238299,-0.182069,-0.438222,1.012126,-2.308228,-1.401180,0.207797
-0.659290,0.570752,-0.062059,0.238299,-0.182081,-0.436042,1.011576,-2.311298,-1.399967,0.209414
-0.653364,0.570381,-0.063594,0.237882,-0.181961,-0.434437,1.011229,-2.313205,-1.399247,0.210576
-0.647483,0.570004,-0.065102,0.237882,-0.181961,-0.432173,1.010546,-2.316346,-1.397999,0.212253
-0.641562,0.569616,-0.066646,0.237451,-0.181913,-0.430484,1.010270,-2.318300,-1.397195,0.213391
-0.635602,0.569216,-0.068227,0.237451,-0.181805,-0.428148,1.009671,-2.321333,-1.395922,0.215069
-0.629664,0.568808,-0.069802,0.237451,-0.181817,-0.426567,1.009300,-2.323288,-1.395118,0.216159
-0.623730,0.568390,-0.071431,0.236984,-0.181662,-0.424075,1.008738,-2.326213,-1.393929,0.217800
-0.617816,0.567965,-0.073040,0.236984,-0.181805,-0.422423,1.008390,-2.328215,-1.393017,0.218902
-0.611845,0.567526,-0.074619,0.236524,-0.181578,-0.419799,1.007922,-2.331129,-1.391805,0.220699
-0.605917,0.567080,-0.076106,0.236524,-0.181506,-0.418266,1.007443,-2.333287,-1.390988,0.221801
-0.599948,0.566623,-0.077656,0.236524,-0.181446,-0.415834,1.006856,-2.336212,-1.389799,0.223586
-0.594031,0.566160,-0.079178,0.236019,-0.181267,-0.414277,1.006449,-2.338358,-1.389044,0.224784
-0.588028,0.565681,-0.080723,0.236019,-0.181279,-0.411833,1.005898,-2.341404,-1.387819,0.226485
-0.582111,0.565201,-0.082181,0.235497,-0.181218,-0.410204,1.005467,-2.343573,-1.387002,0.227719
-0.576117,0.564705,-0.083669,0.235497,-0.181135,-0.407665,1.004916,-2.346499,-1.385766,0.229492
-0.570154,0.564202,-0.085193,0.235497,-0.180943,-0.406204,1.004533,-2.348574,-1.385010,0.230761
-0.564219,0.563693,-0.086825,0.234944,-0.181051,-0.403915,1.003861,-2.351499,-1.383761,0.232547
-0.558267,0.563172,-0.088461,0.234944,-0.181075,-0.402382,1.003407,-2.353549,-1.382812,0.233780
-0.552296,0.562640,-0.090063,0.234381,-0.181075,-0.399903,1.002748,-2.356283,-1.381672,0.235590
-0.546306,0.562097,-0.091609,0.234381,-0.180955,-0.398310,1.002245,-2.358273,-1.380808,0.236740
-0.540320,0.561545,-0.093103,0.234381,-0.180931,-0.395878,1.001418,-2.361102,-1.379511,0.238488
-0.534316,0.560982,-0.094550,0.233827,-0.180895,-0.394177,1.000904,-2.363080,-1.378779,0.239782
-0.528355,0.560415,-0.096009,0.233827,-0.180908,-0.391589,1.000077,-2.366126,-1.377494,0.241591
-0.522357,0.559835,-0.097611,0.233225,-0.180811,-0.389781,0.999681,-2.368045,-1.376654,0.242861
-0.516387,0.559248,-0.099206,0.233225,-0.180883,-0.387254,0.998903,-2.370958,-1.375357,0.244718
-0.510440,0.558653,-0.100737,0.233225,-0.180919,-0.385433,0.998556,-2.372793,-1.374589,0.245892
-0.504479,0.558048,-0.102285,0.232632,-0.180764,-0.383013,0.997777,-2.375826,-1.373257,0.247713
-0.498534,0.557436,-0.103838,0.232632,-0.180871,-0.381431,0.997190,-2.377816,-1.372369,0.248899
-0.492532,0.556808,-0.105290,0.232019,-0.180740,-0.378940,0.996304,-2.380778,-1.371144,0.250816
-0.486549,0.556174,-0.106739,0.232019,-0.180740,-0.377383,0.995668,-2.382708,-1.370304,0.252002
-0.480586,0.555533,-0.108233,0.232019,-0.180847,-0.374796,0.994794,-2.385597,-1.369007,0.253918
-0.474665,0.554887,-0.109697,0.231402,-0.180764,-0.373298,0.994183,-2.387468,-1.368227,0.255176
-0.468692,0.554227,-0.111185,0.231402,-0.180943,-0.370711,0.993453,-2.390357,-1.366954,0.257045
-0.462749,0.553561,-0.112677,0.230744,-0.180931,-0.369117,0.992782,-2.392263,-1.366102,0.258219
-0.456846,0.552891,-0.114205,0.230744,-0.181015,-0.366470,0.992063,-2.394997,-1.364866,0.260160
-0.450853,0.552201,-0.115782,0.230744,-0.181063,-0.364997,0.991261,-2.397047,-1.364025,0.261406
-0.444903,0.551507,-0.117348,0.230076,-0.181039,-0.362158,0.990530,-2.399625,-1.362753,0.263226
-0.438949,0.550803,-0.118820,0.230076,-0.181195,-0.360577,0.989655,-2.401627,-1.361816,0.264616
-0.433004,0.550091,-0.120241,0.229432,-0.181267,-0.357809,0.988709,-2.404445,-1.360544,0.266616
-0.427045,0.549369,-0.121668,0.229432,-0.181339,-0.356133,0.987942,-2.406411,-1.359740,0.267862
-0.421110,0.548641,-0.123190,0.229432,-0.181314,-0.353557,0.987092,-2.409277,-1.358503,0.269743
-0.415178,0.547904,-0.124711,0.228740,-0.181434,-0.351868,0.986397,-2.411147,-1.357711,0.271085
-0.409223,0.547155,-0.126219,0.228740,-0.181746,-0.349269,0.985403,-2.414072,-1.356414,0.273013
-0.403195,0.546388,-0.127745,0.228071,-0.181734,-0.347484,0.984768,-2.415895,-1.355634,0.274343
-0.397337,0.545633,-0.129192,0.228071,-0.181949,-0.345029,0.983678,-2.418748,-1.354373,0.276224
-0.391383,0.544858,-0.130627,0.228071,-0.181889,-0.343243,0.983163,-2.420535,-1.353485,0.277602
-0.385456,0.544077,-0.132005,0.227366,-0.182033,-0.340872,0.982205,-2.423352,-1.352188,0.279519
-0.379515,0.543286,-0.133319,0.227366,-0.182177,-0.339231,0.981582,-2.425211,-1.351204,0.280705
-0.373616,0.542493,-0.134624,0.226697,-0.182237,-0.336799,0.980600,-2.428052,-1.350087,0.282657
-0.367652,0.541683,-0.136052,0.226697,-0.182440,-0.335014,0.980000,-2.430006,-1.349127,0.283843
-0.361724,0.540869,-0.137486,0.226697,-0.182752,-0.332403,0.978887,-2.432860,-1.347819,0.285880
-0.355793,0.540046,-0.139032,0.225974,-0.182895,-0.330606,0.978300,-2.434671,-1.347099,0.287209
-0.349842,0.539211,-0.140662,0.225974,-0.183016,-0.327946,0.977234,-2.437680,-1.345778,0.289186
-0.343964,0.538376,-0.142273,0.225234,-0.183279,-0.326234,0.976491,-2.439622,-1.344806,0.290468
-0.337993,0.537519,-0.143601,0.225234,-0.183602,-0.323467,0.975569,-2.442392,-1.343557,0.292456
-0.332082,0.536662,-0.144916,0.225234,-0.183614,-0.321730,0.975006,-2.444346,-1.342705,0.293882
-0.326141,0.535793,-0.146256,0.224513,-0.183650,-0.319166,0.974083,-2.447068,-1.341276,0.295895
-0.320201,0.534916,-0.147615,0.224513,-0.183650,-0.317537,0.973544,-2.449022,-1.340533,0.297284
-0.314267,0.534032,-0.148973,0.223750,-0.184058,-0.314925,0.972634,-2.451804,-1.339176,0.299213
-0.308260,0.533128,-0.150305,0.223750,-0.184249,-0.313380,0.972035,-2.453878,-1.338347,0.300603
-0.302374,0.532235,-0.151611,0.223750,-0.184333,-0.311104,0.971160,-2.456743,-1.337135,0.302495
-0.296389,0.531319,-0.152952,0.223007,-0.184549,-0.309619,0.970610,-2.458793,-1.336259,0.303825
-0.290479,0.530405,-0.154304,0.223007,-0.184860,-0.307140,0.969843,-2.461767,-1.334854,0.305706
-0.284559,0.529483,-0.155707,0.222209,-0.185075,-0.305463,0.969436,-2.463733,-1.334002,0.307000
-0.278591,0.528543,-0.157172,0.222209,-0.185507,-0.303019,0.968777,-2.466743,-1.332705,0.308917
-0.272676,0.527604,-0.158625,0.222209,-0.185651,-0.301438,0.968310,-2.468769,-1.331841,0.310258
-0.266747,0.526653,-0.160163,0.221429,-0.186021,-0.299053,0.967782,-2.471826,-1.330484,0.312115
-0.260853,0.525698,-0.161693,0.221429,-0.186189,-0.297317,0.967315,-2.473720,-1.329584,0.313456
-0.254929,0.524730,-0.163248,0.220593,-0.186393,-0.294849,0.966860,-2.476693,-1.328336,0.315409
-0.249000,0.523751,-0.164823,0.220593,-0.186417,-0.293316,0.966381,-2.478744,-1.327411,0.316691
-0.243104,0.522768,-0.166389,0.220593,-0.186584,-0.291016,0.965686,-2.481681,-1.326247,0.318799
-0.237123,0.521761,-0.167872,0.219774,-0.186704,-0.289626,0.965291,-2.483744,-1.325359,0.320093
-0.231204,0.520756,-0.169341,0.219774,-0.186884,-0.286943,0.964764,-2.486813,-1.324026,0.322022
-0.225286,0.519742,-0.170866,0.218905,-0.186908,-0.285482,0.964309,-2.488923,-1.323246,0.323388
-0.219380,0.518720,-0.172409,0.218905,-0.187136,-0.283170,0.963925,-2.491981,-1.321914,0.325376
-0.213424,0.517681,-0.173944,0.218905,-0.187279,-0.281864,0.963590,-2.494115,-1.321013,0.326682
-0.207509,0.516639,-0.175447,0.218008,-0.187363,-0.279672,0.963410,-2.497148,-1.319741,0.328719
-0.201580,0.515586,-0.176953,0.218008,-0.187375,-0.278270,0.963111,-2.499306,-1.318792,0.330013
-0.195722,0.514536,-0.178472,0.217121,-0.187722,-0.276186,0.963039,-2.502447,-1.317484,0.332037
-0.189783,0.513462,-0.180013,0.217121,-0.187686,-0.274820,0.962775,-2.504665,-1.316583,0.333331
-0.183863,0.512382,-0.181658,0.217121,-0.187914,-0.272784,0.962619,-2.507771,-1.315311,0.335307
-0.178026,0.511308,-0.183383,0.216169,-0.187962,-0.271262,0.962595,-2.509785,-1.314447,0.336601
-0.172127,0.510211,-0.185071,0.216169,-0.188070,-0.269010,0.962296,-2.513190,-1.313091,0.338602
-0.166174,0.509094,-0.186669,0.215234,-0.188154,-0.267573,0.962224,-2.515276,-1.312202,0.339895
-0.160264,0.507975,-0.188255,0.215234,-0.188142,-0.265393,0.962069,-2.518561,-1.310762,0.341896
-0.154420,0.506860,-0.190004,0.215234,-0.188226,-0.264039,0.961997,-2.520731,-1.309849,0.343214
-0.148529,0.505724,-0.191777,0.214216,-0.188237,-0.261967,0.962008,-2.523825,-1.308541,0.345215
-0.142654,0.504581,-0.193602,0.214216,-0.188190,-0.260470,0.962104,-2.525995,-1.307665,0.346461
-0.136798,0.503430,-0.195478,0.213212,-0.188202,-0.258241,0.962057,-2.529556,-1.306344,0.348401
-0.130923,0.502264,-0.197360,0.213212,-0.188237,-0.257056,0.962104,-2.531606,-1.305551,0.349707
-0.125026,0.501082,-0.199186,0.213212,-0.188226,-0.255390,0.962332,-2.534903,-1.304171,0.351683
-0.119104,0.499884,-0.201021,0.212132,-0.188094,-0.254324,0.962344,-2.537181,-1.303211,0.353001
-0.113254,0.498689,-0.202843,0.212132,-0.188130,-0.252204,0.962500,-2.540574,-1.302023,0.355074
-0.107328,0.497467,-0.204699,0.210986,-0.187938,-0.250946,0.962428,-2.542972,-1.301110,0.356440
-0.101462,0.496247,-0.206499,0.210986,-0.187782,-0.249126,0.962871,-2.546269,-1.299693,0.358464
-0.095565,0.495009,-0.208209,0.210986,-0.187710,-0.247988,0.963063,-2.548499,-1.298842,0.359818
-0.089702,0.493767,-0.209909,0.209873,-0.187387,-0.246190,0.963147,-2.551593,-1.297521,0.361890
-0.083913,0.492531,-0.211943,0.209873,-0.187351,-0.244897,0.963326,-2.553702,-1.296608,0.363184
-0.078142,0.491286,-0.213912,0.208695,-0.187255,-0.242980,0.963338,-2.556892,-1.295397,0.365161
-0.072357,0.490026,-0.215886,0.208695,-0.187184,-0.241638,0.963279,-2.558906,-1.294532,0.366490
-0.066652,0.488773,-0.217664,0.208695,-0.187040,-0.239746,0.963111,-2.562083,-1.293223,0.368563
-0.060935,0.487506,-0.219446,0.207557,-0.186920,-0.238416,0.963087,-2.563953,-1.292347,0.369905
-0.055264,0.486238,-0.221432,0.207557,-0.186632,-0.236320,0.962751,-2.567335,-1.291051,0.371905
-0.049614,0.484963,-0.223410,0.206339,-0.186644,-0.234846,0.962584,-2.569193,-1.290114,0.373235
-0.043919,0.483666,-0.225331,0.206339,-0.186477,-0.232690,0.962248,-2.572262,-1.288854,0.375235
-0.038293,0.482374,-0.227164,0.206339,-0.186417,-0.231336,0.962152,-2.574169,-1.287990,0.376553
-0.032661,0.481069,-0.229094,0.205174,-0.186117,-0.229276,0.961721,-2.577022,-1.286645,0.378638
-0.027103,0.479770,-0.230882,0.205174,-0.185974,-0.227839,0.961554,-2.578904,-1.285757,0.379932
-0.021539,0.478460,-0.232673,0.203932,-0.185854,-0.225719,0.961087,-2.581770,-1.284425,0.381992
-0.016000,0.477145,-0.234489,0.203932,-0.185770,-0.224293,0.960835,-2.583700,-1.283537,0.383322
-0.010452,0.475817,-0.236336,0.203932,-0.185698,-0.222508,0.960188,-2.586542,-1.282264,0.385382
-0.004902,0.474477,-0.238177,0.202687,-0.185507,-0.221310,0.959745,-2.588484,-1.281411,0.386796
0.000674,0.473121,-0.239999,0.202687,-0.185530,-0.219070,0.959253,-2.591409,-1.280031,0.388881
0.006226,0.471760,-0.241847,0.201470,-0.185351,-0.217692,0.958810,-2.593459,-1.279095,0.390234
0.011673,0.470413,-0.243672,0.201470,-0.185207,-0.215452,0.958415,-2.596193,-1.277847,0.392283
0.017157,0.469047,-0.245493,0.201470,-0.185231,-0.214206,0.957984,-2.598220,-1.277018,0.393744
0.022601,0.467681,-0.247246,0.200201,-0.184979,-0.212098,0.957517,-2.600869,-1.275686,0.395769
0.028021,0.466310,-0.248943,0.200201,-0.185111,-0.210673,0.957086,-2.602824,-1.274906,0.397110
0.033475,0.464921,-0.250694,0.198994,-0.184979,-0.208301,0.956630,-2.605389,-1.273597,0.399159
0.038917,0.463525,-0.252603,0.198994,-0.184907,-0.206995,0.956067,-2.607235,-1.272709,0.400597
0.044372,0.462114,-0.254518,0.198994,-0.185027,-0.204995,0.955409,-2.609981,-1.271448,0.402645
0.049786,0.460703,-0.256339,0.197722,-0.184740,-0.203688,0.954917,-2.611671,-1.270512,0.404059
0.055157,0.459292,-0.258044,0.197722,-0.184944,-0.201233,0.954055,-2.614465,-1.269132,0.406095
0.060539,0.457870,-0.259841,0.196483,-0.184824,-0.199700,0.953516,-2.616239,-1.268316,0.407401
0.065896,0.456443,-0.261734,0.196483,-0.184716,-0.197376,0.952773,-2.618937,-1.267043,0.409414
0.071233,0.455010,-0.263697,0.196483,-0.184716,-0.195866,0.952294,-2.620591,-1.266179,0.410804
0.076555,0.453570,-0.265749,0.195219,-0.184656,-0.193746,0.951599,-2.623253,-1.264882,0.412816
0.081870,0.452121,-0.267817,0.195219,-0.184728,-0.192165,0.951228,-2.625016,-1.264127,0.414193
0.087174,0.450662,-0.269683,0.193999,-0.184633,-0.190116,0.950353,-2.627689,-1.262830,0.416170
0.092491,0.449190,-0.271509,0.193999,-0.184489,-0.188631,0.949886,-2.629404,-1.261905,0.417596
0.097731,0.447729,-0.273310,0.193999,-0.184441,-0.186678,0.949131,-2.632078,-1.260742,0.419704
0.102948,0.446265,-0.274782,0.192733,-0.184249,-0.185432,0.948568,-2.633912,-1.259829,0.421154
0.108169,0.444790,-0.276257,0.192733,-0.184333,-0.183025,0.947682,-2.636549,-1.258509,0.423202
0.113371,0.443313,-0.278005,0.191458,-0.184249,-0.181670,0.947047,-2.638444,-1.257716,0.424652
0.118545,0.441834,-0.279792,0.191458,-0.184321,-0.179467,0.946293,-2.640938,-1.256396,0.426628
0.123712,0.440347,-0.281653,0.191458,-0.184333,-0.178137,0.945753,-2.642748,-1.255592,0.428066
0.128848,0.438858,-0.283422,0.190243,-0.184273,-0.175813,0.945202,-2.645194,-1.254331,0.430007
0.133985,0.437360,-0.285201,0.190243,-0.184417,-0.174280,0.944651,-2.646992,-1.253479,0.431361
0.139111,0.435854,-0.286995,0.188969,-0.184309,-0.171955,0.943861,-2.649582,-1.252159,0.433361
0.144253,0.434334,-0.288805,0.188969,-0.184297,-0.170506,0.943358,-2.651332,-1.251306,0.434703
0.149369,0.432811,-0.290699,0.188969,-0.184405,-0.168433,0.942543,-2.653898,-1.249975,0.436679
0.154448,0.431289,-0.292424,0.187736,-0.184417,-0.167044,0.942040,-2.655637,-1.249050,0.438033
0.159547,0.429752,-0.294179,0.187736,-0.184465,-0.164588,0.941070,-2.658394,-1.247778,0.440094
0.164591,0.428221,-0.295986,0.186440,-0.184441,-0.163067,0.940494,-2.660108,-1.246949,0.441436
0.169702,0.426660,-0.297850,0.186440,-0.184621,-0.160910,0.939728,-2.662638,-1.245605,0.443460
0.174777,0.425100,-0.299758,0.186440,-0.184656,-0.159533,0.939129,-2.664269,-1.244716,0.444886
0.179747,0.423562,-0.301263,0.185223,-0.184561,-0.157568,0.938482,-2.666786,-1.243564,0.446826
0.184753,0.422004,-0.302776,0.185223,-0.184584,-0.156155,0.937943,-2.668537,-1.242677,0.448156
0.189742,0.420444,-0.304325,0.183962,-0.184692,-0.153771,0.937272,-2.670899,-1.241344,0.450145
0.194716,0.418879,-0.305936,0.183962,-0.184728,-0.152393,0.936685,-2.672769,-1.240600,0.451570
0.199712,0.417299,-0.307445,0.183962,-0.185075,-0.150441,0.935943,-2.675227,-1.239219,0.453511
0.204614,0.415741,-0.308793,0.182670,-0.185135,-0.149183,0.935391,-2.676977,-1.238295,0.454853
0.209549,0.414164,-0.310321,0.182670,-0.185339,-0.146811,0.934469,-2.679687,-1.237047,0.456781
0.214416,0.412601,-0.311848,0.181458,-0.185458,-0.145373,0.933882,-2.681437,-1.236230,0.458135
0.219298,0.411025,-0.313501,0.181458,-0.185878,-0.143145,0.933116,-2.683871,-1.234934,0.460064
0.224192,0.409437,-0.315205,0.181458,-0.186237,-0.141720,0.932696,-2.685610,-1.234118,0.461322
0.229072,0.407843,-0.316938,0.180186,-0.186417,-0.139611,0.931882,-2.688068,-1.232846,0.463274
0.233974,0.406233,-0.318667,0.180186,-0.186609,-0.137934,0.931546,-2.689674,-1.232017,0.464544
0.238840,0.404625,-0.320300,0.178987,-0.186932,-0.135694,0.930672,-2.692204,-1.230745,0.466581
0.243685,0.403016,-0.322047,0.178987,-0.187076,-0.134173,0.930288,-2.693786,-1.229905,0.467815
0.248501,0.401407,-0.323697,0.178987,-0.187291,-0.132387,0.929402,-2.696364,-1.228632,0.469756
0.253284,0.399800,-0.325289,0.177725,-0.187411,-0.131082,0.929018,-2.698031,-1.227756,0.470906
0.258115,0.398168,-0.326859,0.177725,-0.187567,-0.128866,0.928048,-2.700680,-1.226556,0.472798
0.262857,0.396558,-0.328425,0.176507,-0.187758,-0.127380,0.927474,-2.702227,-1.225655,0.474092
0.267604,0.394939,-0.330071,0.176507,-0.188190,-0.125236,0.926755,-2.704769,-1.224347,0.475997
0.272346,0.393312,-0.331672,0.176507,-0.188370,-0.123906,0.926239,-2.706507,-1.223555,0.477255
0.277065,0.391685,-0.333333,0.175222,-0.188441,-0.121918,0.925473,-2.708869,-1.222331,0.479136
0.281765,0.390055,-0.334989,0.175222,-0.188741,-0.120480,0.925185,-2.710523,-1.221443,0.480442
0.286448,0.388423,-0.336604,0.173953,-0.188980,-0.118227,0.924586,-2.712837,-1.220146,0.482370
0.291117,0.386787,-0.338260,0.173953,-0.189148,-0.117018,0.923999,-2.714648,-1.219294,0.483736
0.295766,0.385149,-0.339806,0.173953,-0.189531,-0.114849,0.923413,-2.716974,-1.217974,0.485557
0.300390,0.383513,-0.341243,0.172747,-0.189650,-0.113604,0.922885,-2.718688,-1.217182,0.486875
0.305025,0.381865,-0.342685,0.172747,-0.189938,-0.111304,0.922023,-2.721290,-1.215909,0.488696
0.309650,0.380213,-0.344225,0.171482,-0.190250,-0.109938,0.921388,-2.723100,-1.215045,0.489906
0.314271,0.378554,-0.345766,0.171482,-0.190681,-0.107662,0.920789,-2.725390,-1.213760,0.491642
0.318821,0.376913,-0.347416,0.171482,-0.190836,-0.106560,0.920214,-2.727044,-1.213029,0.492900
0.323352,0.375270,-0.348998,0.170237,-0.191280,-0.104475,0.919699,-2.729382,-1.211720,0.494602
0.327825,0.373640,-0.350694,0.170237,-0.191448,-0.103050,0.919208,-2.731025,-1.210880,0.495812
0.332262,0.372015,-0.352514,0.168941,-0.191842,-0.100858,0.918656,-2.733387,-1.209547,0.497645
0.336727,0.370370,-0.354347,0.168941,-0.192166,-0.099444,0.918141,-2.735053,-1.208695,0.498795
0.341149,0.368732,-0.356039,0.168941,-0.192549,-0.097467,0.917554,-2.737319,-1.207315,0.500544
0.345589,0.367079,-0.357738,0.167753,-0.192681,-0.096173,0.917027,-2.738914,-1.206475,0.501718
0.350033,0.365415,-0.359286,0.167753,-0.192981,-0.094065,0.916069,-2.741348,-1.205239,0.503455
0.354502,0.363735,-0.360845,0.166483,-0.193100,-0.092783,0.915434,-2.742942,-1.204446,0.504653
0.358970,0.362047,-0.362378,0.166483,-0.193471,-0.090735,0.914703,-2.745316,-1.203162,0.506402
0.363424,0.360356,-0.363847,0.166483,-0.193615,-0.089489,0.914200,-2.746803,-1.202490,0.507624
0.367874,0.358660,-0.365315,0.165286,-0.194022,-0.087656,0.913589,-2.749129,-1.201217,0.509289
0.372304,0.356963,-0.366872,0.165286,-0.194238,-0.086170,0.913146,-2.750723,-1.200329,0.510475
0.376718,0.355265,-0.368386,0.164009,-0.194645,-0.083942,0.912655,-2.753133,-1.199128,0.512200
0.381080,0.353580,-0.370045,0.164009,-0.194933,-0.082456,0.912308,-2.754680,-1.198241,0.513338
0.385431,0.351890,-0.371522,0.164009,-0.195268,-0.080672,0.911696,-2.756982,-1.196993,0.515051
0.389745,0.350207,-0.373097,0.162739,-0.195472,-0.079366,0.911373,-2.758552,-1.196164,0.516141
0.394019,0.348532,-0.374714,0.162739,-0.195998,-0.077198,0.910463,-2.761106,-1.194880,0.517950
0.398284,0.346853,-0.376275,0.161515,-0.196382,-0.075652,0.910271,-2.762557,-1.194016,0.518993
0.402576,0.345155,-0.377724,0.161515,-0.196825,-0.073903,0.909480,-2.765062,-1.192756,0.520634
0.406820,0.343470,-0.378984,0.161515,-0.197172,-0.072657,0.909121,-2.766501,-1.191928,0.521736
0.411002,0.341802,-0.380612,0.160238,-0.197496,-0.070968,0.908510,-2.768791,-1.190691,0.523365
0.415154,0.340139,-0.382167,0.160238,-0.197903,-0.069471,0.908235,-2.770242,-1.189803,0.524480
0.419275,0.338481,-0.383748,0.159028,-0.198514,-0.067554,0.907600,-2.772532,-1.188518,0.526037
0.423355,0.336832,-0.385390,0.159028,-0.198837,-0.066092,0.907384,-2.774018,-1.187642,0.527055
0.427456,0.335166,-0.387032,0.159028,-0.199328,-0.064271,0.906702,-2.776285,-1.186298,0.528744
0.431535,0.333502,-0.388800,0.157756,-0.199676,-0.062929,0.906354,-2.777795,-1.185506,0.529715
0.435586,0.331840,-0.390502,0.157756,-0.200107,-0.060773,0.905503,-2.780156,-1.184222,0.531308
0.439589,0.330190,-0.392323,0.156538,-0.200371,-0.059516,0.904988,-2.781655,-1.183369,0.532326
0.443639,0.328512,-0.394174,0.156538,-0.200826,-0.057742,0.904245,-2.783850,-1.182182,0.533932
0.447694,0.326823,-0.395909,0.156538,-0.201017,-0.056700,0.903646,-2.785336,-1.181317,0.534986
0.451748,0.325127,-0.397516,0.155287,-0.201245,-0.054843,0.903071,-2.787434,-1.180021,0.536567
0.455822,0.323414,-0.399164,0.155287,-0.201532,-0.053514,0.902520,-2.788921,-1.179204,0.537609
0.459944,0.321674,-0.400608,0.154034,-0.201939,-0.051261,0.902149,-2.790971,-1.177957,0.539083
0.464018,0.319947,-0.401995,0.154034,-0.201987,-0.049980,0.901550,-2.792565,-1.177056,0.540149
0.468076,0.318220,-0.403644,0.154034,-0.202454,-0.048099,0.901035,-2.794616,-1.175748,0.541718
0.472083,0.316506,-0.405274,0.152812,-0.202802,-0.046793,0.900688,-2.795970,-1.175040,0.542773
0.476044,0.314806,-0.406695,0.152812,-0.203113,-0.044769,0.900077,-2.798284,-1.173732,0.544234
0.479934,0.313128,-0.408201,0.151533,-0.203389,-0.043486,0.899669,-2.799747,-1.172903,0.545229
0.483844,0.311436,-0.409657,0.151533,-0.204048,-0.041498,0.899214,-2.802000,-1.171703,0.546726
0.487764,0.309732,-0.411078,0.151533,-0.204454,-0.040264,0.898950,-2.803500,-1.170887,0.547648
0.491616,0.308051,-0.412476,0.150319,-0.204634,-0.038826,0.898435,-2.805501,-1.169627,0.549098
0.495454,0.306370,-0.413895,0.150319,-0.205114,-0.037652,0.898076,-2.806940,-1.168739,0.549985
0.499306,0.304676,-0.415320,0.149042,-0.205880,-0.035807,0.897585,-2.809050,-1.167527,0.551386
0.503115,0.302995,-0.416753,0.149042,-0.206228,-0.034585,0.897225,-2.810429,-1.166686,0.552428
0.506945,0.301298,-0.418217,0.149042,-0.206898,-0.032873,0.896890,-2.812527,-1.165390,0.553698
0.510773,0.299595,-0.419681,0.147822,-0.207221,-0.031806,0.896531,-2.813930,-1.164573,0.554681
0.514490,0.297934,-0.421387,0.147822,-0.207868,-0.029662,0.895896,-2.816112,-1.163326,0.556142
0.518216,0.296262,-0.423098,0.146545,-0.208359,-0.028367,0.895548,-2.817622,-1.162485,0.557017
0.521915,0.294595,-0.424962,0.146545,-0.208910,-0.026535,0.895045,-2.819649,-1.161297,0.558323
0.525572,0.292938,-0.426767,0.146545,-0.209341,-0.025564,0.894566,-2.821099,-1.160433,0.559257
0.529218,0.291278,-0.428560,0.145258,-0.209832,-0.023911,0.894171,-2.823006,-1.159160,0.560599
0.532826,0.289627,-0.430327,0.145258,-0.210108,-0.022689,0.893787,-2.824349,-1.158249,0.561497
0.536417,0.287977,-0.432087,0.144039,-0.210503,-0.020976,0.893368,-2.826279,-1.157120,0.562803
0.539999,0.286323,-0.433960,0.144039,-0.210719,-0.019779,0.892973,-2.827609,-1.156244,0.563714
0.543597,0.284654,-0.435844,0.144039,-0.211210,-0.017993,0.892553,-2.829539,-1.154924,0.565032
0.547211,0.282969,-0.437341,0.142776,-0.211426,-0.016819,0.892182,-2.830798,-1.154120,0.565942
0.550834,0.281273,-0.438785,0.142776,-0.211629,-0.014735,0.891416,-2.832884,-1.152943,0.567200
0.554434,0.279582,-0.440225,0.141561,-0.211941,-0.013381,0.891056,-2.834215,-1.152139,0.568002
0.558042,0.277881,-0.441681,0.141561,-0.212252,-0.011584,0.890505,-2.836217,-1.150879,0.569272
0.561638,0.276179,-0.443134,0.141561,-0.212611,-0.010457,0.890193,-2.837488,-1.149991,0.570183
0.565176,0.274498,-0.444654,0.140282,-0.213030,-0.008936,0.889678,-2.839406,-1.148827,0.571381
0.568695,0.272820,-0.446059,0.140282,-0.213414,-0.007846,0.889355,-2.840737,-1.147939,0.572136
0.572192,0.271146,-0.447607,0.139046,-0.214000,-0.006157,0.888984,-2.842619,-1.146618,0.573406
0.575686,0.269467,-0.449162,0.139046,-0.214348,-0.005102,0.888660,-2.843998,-1.145815,0.574232
0.579146,0.267797,-0.450756,0.139046,-0.214959,-0.003629,0.888349,-2.845880,-1.144446,0.575406
0.582614,0.266117,-0.452338,0.137782,-0.215246,-0.002587,0.888097,-2.847164,-1.143726,0.576281
0.586042,0.264450,-0.453828,0.137782,-0.215929,-0.000586,0.887594,-2.849141,-1.142442,0.577359
0.589463,0.262780,-0.455363,0.136572,-0.216241,0.000588,0.887294,-2.850532,-1.141614,0.578137
0.592867,0.261111,-0.456835,0.136572,-0.216959,0.002301,0.886983,-2.852294,-1.140437,0.579311
0.596248,0.259448,-0.458413,0.136572,-0.217318,0.003152,0.886635,-2.853601,-1.139561,0.580162
0.599613,0.257786,-0.459932,0.135301,-0.217917,0.004948,0.886551,-2.855352,-1.138373,0.581169
0.602961,0.256126,-0.461508,0.135301,-0.218300,0.005943,0.886180,-2.856695,-1.137521,0.581947
0.606255,0.254486,-0.463171,0.134020,-0.218948,0.007464,0.885785,-2.858457,-1.136369,0.583013
0.609562,0.252832,-0.464769,0.134020,-0.219282,0.008471,0.885437,-2.859716,-1.135493,0.583732
0.612835,0.251189,-0.466504,0.134020,-0.219846,0.010040,0.885018,-2.861538,-1.134244,0.584870
0.616077,0.249555,-0.468125,0.132801,-0.220145,0.010974,0.884874,-2.862713,-1.133512,0.585565
0.619267,0.247941,-0.469792,0.132801,-0.220720,0.012688,0.884527,-2.864619,-1.132240,0.586691
0.622453,0.246322,-0.471412,0.131511,-0.221031,0.013934,0.884168,-2.865830,-1.131364,0.587374
0.625609,0.244711,-0.473013,0.131511,-0.221522,0.015706,0.883904,-2.867640,-1.130176,0.588357
0.628757,0.243099,-0.474651,0.131511,-0.221810,0.016725,0.883665,-2.868719,-1.129312,0.589063
0.631914,0.241475,-0.476303,0.130293,-0.222409,0.018210,0.883341,-2.870326,-1.128111,0.590141
0.635074,0.239843,-0.477894,0.130293,-0.222816,0.019265,0.883114,-2.871513,-1.127283,0.590813
0.638236,0.238204,-0.479477,0.129011,-0.223115,0.020690,0.882658,-2.873167,-1.126095,0.591747
0.641366,0.236574,-0.481119,0.129011,-0.223522,0.021744,0.882323,-2.874342,-1.125267,0.592370
0.644502,0.234936,-0.482765,0.129011,-0.224181,0.023026,0.881951,-2.876068,-1.123899,0.593448
0.647599,0.233311,-0.484411,0.127792,-0.224337,0.023937,0.881736,-2.877172,-1.123155,0.594107
0.650671,0.231693,-0.486153,0.127792,-0.224888,0.025674,0.881269,-2.878994,-1.121919,0.595017
0.653726,0.230077,-0.487771,0.126516,-0.225223,0.026872,0.881029,-2.880109,-1.121054,0.595640
0.656774,0.228458,-0.489316,0.126516,-0.225726,0.028537,0.880729,-2.881763,-1.119902,0.596575
0.659816,0.226837,-0.490859,0.126516,-0.226002,0.029484,0.880657,-2.882818,-1.119182,0.597234
0.662808,0.225236,-0.492613,0.125243,-0.226385,0.030705,0.880418,-2.884329,-1.117910,0.598228
0.665791,0.223633,-0.494364,0.125243,-0.226637,0.031736,0.880130,-2.885516,-1.116974,0.598731
0.668771,0.222025,-0.496023,0.124032,-0.227343,0.033090,0.879867,-2.887110,-1.115882,0.599666
0.671747,0.220413,-0.497589,0.124032,-0.227595,0.034012,0.879532,-2.888237,-1.114958,0.600276
0.674689,0.218814,-0.499283,0.124032,-0.227954,0.035091,0.879316,-2.889736,-1.113757,0.601199
0.677580,0.217235,-0.500968,0.122769,-0.228278,0.035977,0.879004,-2.890862,-1.112977,0.601774
0.680457,0.215658,-0.502647,0.122769,-0.228817,0.037894,0.878788,-2.892457,-1.111706,0.602577
0.683340,0.214072,-0.504267,0.121554,-0.229176,0.038984,0.878466,-2.893656,-1.110961,0.603200
0.686201,0.212491,-0.505833,0.121554,-0.229559,0.040458,0.878345,-2.895227,-1.109761,0.603978
0.689049,0.210912,-0.507477,0.121554,-0.229739,0.041308,0.878118,-2.896234,-1.109005,0.604554
0.691857,0.209349,-0.509155,0.120279,-0.230146,0.042566,0.877890,-2.897805,-1.107805,0.605404
0.694667,0.207779,-0.510837,0.120279,-0.230553,0.043501,0.877783,-2.898859,-1.107073,0.605943
0.697467,0.206209,-0.512417,0.119056,-0.231033,0.045118,0.877459,-2.900514,-1.105801,0.606770
0.700292,0.204618,-0.514014,0.119056,-0.231296,0.045992,0.877399,-2.901413,-1.104972,0.607273
0.703052,0.203058,-0.515632,0.119056,-0.231715,0.047130,0.877172,-2.902851,-1.103784,0.608075
0.705791,0.201504,-0.517298,0.117814,-0.231942,0.047873,0.877004,-2.903858,-1.102992,0.608531
0.708528,0.199946,-0.518944,0.117814,-0.232410,0.049527,0.876716,-2.905477,-1.101828,0.609262
0.711260,0.198384,-0.520570,0.116544,-0.232793,0.050617,0.876572,-2.906472,-1.101072,0.609765
0.713992,0.196816,-0.522197,0.116544,-0.233164,0.052007,0.876369,-2.907947,-1.099824,0.610484
0.716706,0.195253,-0.523832,0.116544,-0.233392,0.052749,0.876249,-2.908846,-1.098996,0.610975
0.719405,0.193692,-0.525415,0.115339,-0.233847,0.053756,0.876081,-2.910237,-1.097855,0.611754
0.722080,0.192140,-0.527141,0.115339,-0.234123,0.054642,0.876021,-2.911208,-1.097063,0.612209
0.724720,0.190602,-0.528957,0.114070,-0.234577,0.055852,0.875937,-2.912635,-1.095876,0.612760
0.727342,0.189067,-0.530763,0.114070,-0.234853,0.056810,0.875758,-2.913666,-1.095167,0.613227
0.729939,0.187541,-0.532624,0.114070,-0.235272,0.057745,0.875626,-2.915080,-1.093895,0.613958
0.732516,0.186020,-0.534414,0.112859,-0.235512,0.058547,0.875555,-2.915991,-1.093043,0.614545
0.735099,0.184490,-0.536223,0.112859,-0.235895,0.059986,0.875327,-2.917514,-1.091975,0.615203
0.737644,0.182977,-0.537922,0.111591,-0.236063,0.060932,0.875255,-2.918557,-1.091111,0.615563
0.740189,0.181456,-0.539615,0.111591,-0.236434,0.062273,0.875123,-2.919899,-1.089935,0.616090
0.742705,0.179948,-0.541271,0.111591,-0.236578,0.063124,0.875159,-2.920763,-1.089059,0.616569
0.745233,0.178427,-0.542926,0.110374,-0.236674,0.064178,0.875003,-2.922009,-1.088051,0.617276
0.747716,0.176927,-0.544575,0.110374,-0.236877,0.064945,0.875003,-2.922945,-1.087259,0.617731
0.750208,0.175416,-0.546206,0.109108,-0.237249,0.066144,0.874656,-2.924407,-1.086071,0.618319
0.752690,0.173906,-0.547848,0.109108,-0.237368,0.066790,0.874668,-2.925282,-1.085315,0.618690
0.755140,0.172410,-0.549375,0.109108,-0.237692,0.067725,0.874608,-2.926493,-1.084174,0.619241
0.757585,0.170912,-0.550899,0.107894,-0.237919,0.068455,0.874452,-2.927357,-1.083430,0.619553
0.759989,0.169433,-0.552640,0.107894,-0.238291,0.069629,0.874440,-2.928771,-1.082122,0.620139
0.762390,0.167951,-0.554371,0.106624,-0.238626,0.070612,0.874272,-2.929718,-1.081426,0.620511
0.764764,0.166480,-0.556193,0.106624,-0.239105,0.071774,0.874249,-2.930941,-1.080202,0.621062
0.767116,0.165016,-0.558037,0.106624,-0.239213,0.072528,0.874260,-2.931756,-1.079446,0.621493
0.769463,0.163550,-0.559879,0.105352,-0.239477,0.073703,0.874213,-2.932979,-1.078341,0.622032
0.771781,0.162096,-0.561795,0.105352,-0.239775,0.074553,0.874225,-2.933782,-1.077622,0.622307
0.774068,0.160654,-0.563663,0.104143,-0.240063,0.075799,0.874033,-2.935197,-1.076494,0.622739
0.776378,0.159193,-0.565589,0.104143,-0.240195,0.076434,0.874057,-2.935881,-1.075738,0.623039
0.778644,0.157753,-0.567362,0.104143,-0.240207,0.077177,0.874069,-2.936960,-1.074633,0.623649
0.780909,0.156309,-0.569038,0.102862,-0.240231,0.077752,0.873853,-2.937774,-1.073925,0.624141
0.783156,0.154870,-0.570872,0.102862,-0.240423,0.078950,0.873685,-2.939141,-1.072809,0.624512
0.785400,0.153427,-0.572724,0.101632,-0.240483,0.079765,0.873650,-2.939945,-1.072029,0.624752
0.787701,0.151942,-0.574558,0.101632,-0.240686,0.080831,0.873626,-2.941108,-1.070985,0.625351
0.789882,0.150529,-0.576194,0.101632,-0.240758,0.081562,0.873614,-2.941863,-1.070181,0.625674
0.792105,0.149083,-0.577926,0.100368,-0.240746,0.082628,0.873638,-2.942798,-1.069149,0.626046
0.794296,0.147653,-0.579647,0.100368,-0.240878,0.083347,0.873662,-2.943589,-1.068309,0.626333
0.796490,0.146215,-0.581324,0.099156,-0.240949,0.084294,0.873590,-2.944836,-1.067301,0.626705
0.798635,0.144804,-0.583181,0.099156,-0.241069,0.084964,0.873566,-2.945495,-1.066485,0.627124
0.800758,0.143402,-0.584923,0.099044,-0.241369,0.085875,0.873506,-2.946719,-1.065393,0.627591
0.802846,0.142018,-0.586735,0.097882,-0.241381,0.086223,0.873385,-2.947378,-1.064685,0.627879
0.804918,0.140639,-0.588573,0.097882,-0.241620,0.087217,0.873410,-2.948492,-1.063557,0.628166
0.806987,0.139257,-0.590412,0.096622,-0.241728,0.087984,0.873434,-2.949200,-1.062836,0.628430
0.809016,0.137896,-0.592352,0.096622,-0.241740,0.089062,0.873457,-2.950327,-1.061661,0.628813
0.811025,0.136542,-0.594227,0.095572,-0.241836,0.089505,0.873457,-2.950950,-1.060952,0.629053
0.813050,0.135173,-0.596045,0.095404,-0.241764,0.090320,0.873494,-2.951849,-1.059981,0.629568
0.815047,0.133817,-0.597704,0.095404,-0.241812,0.090907,0.873578,-2.952449,-1.059260,0.629771
0.817015,0.132476,-0.599518,0.094132,-0.241716,0.091446,0.873542,-2.953324,-1.058096,0.630131
0.818956,0.131148,-0.601540,0.094132,-0.241776,0.092009,0.873578,-2.954020,-1.057400,0.630454
0.820913,0.129803,-0.603631,0.092981,-0.241860,0.093003,0.873578,-2.955170,-1.056416,0.630730
0.822924,0.128415,-0.605297,0.092922,-0.241836,0.093614,0.873457,-2.955674,-1.055672,0.631029
0.824932,0.127025,-0.606858,0.092922,-0.241836,0.094357,0.873494,-2.956801,-1.054568,0.631424
0.826891,0.125664,-0.608608,0.091660,-0.241716,0.094860,0.873578,-2.957256,-1.053896,0.631604
0.828810,0.124325,-0.610492,0.091660,-0.241716,0.095915,0.873602,-2.958144,-1.052852,0.631964
0.830723,0.122985,-0.612372,0.090447,-0.241752,0.096586,0.873650,-2.958839,-1.052156,0.632227
0.832597,0.121667,-0.614427,0.090447,-0.241740,0.097412,0.873662,-2.959798,-1.051040,0.632467
0.834460,0.120352,-0.616460,0.090447,-0.241692,0.097807,0.873662,-2.960397,-1.050404,0.632670
0.836329,0.119026,-0.618423,0.089175,-0.241668,0.098514,0.873794,-2.961140,-1.049336,0.632946
0.838197,0.117696,-0.620185,0.089175,-0.241596,0.098982,0.873757,-2.961932,-1.048664,0.633018
0.840049,0.116371,-0.621987,0.087910,-0.241500,0.099712,0.873829,-2.962771,-1.047656,0.633402
0.841857,0.115074,-0.623860,0.087910,-0.241333,0.100239,0.873853,-2.963323,-1.046984,0.633581
0.843645,0.113786,-0.625648,0.087910,-0.241273,0.100743,0.873973,-2.964090,-1.046071,0.633988
0.845394,0.112521,-0.627622,0.086693,-0.241213,0.101222,0.873997,-2.964641,-1.045376,0.634216
0.847122,0.111266,-0.629501,0.086693,-0.241081,0.102240,0.874129,-2.965660,-1.044331,0.634396
0.848853,0.110004,-0.631414,0.085419,-0.241021,0.102947,0.874272,-2.966320,-1.043671,0.634659
0.850565,0.108751,-0.633296,0.085419,-0.240806,0.103582,0.874344,-2.967123,-1.042651,0.634971
0.852264,0.107502,-0.635166,0.085419,-0.240662,0.104073,0.874404,-2.967746,-1.042052,0.635162
0.853934,0.106270,-0.637220,0.084202,-0.240374,0.104648,0.874416,-2.968334,-1.040995,0.635342
0.855582,0.105049,-0.639219,0.084202,-0.240279,0.105128,0.874452,-2.968933,-1.040347,0.635426
0.857240,0.103815,-0.641231,0.082930,-0.240147,0.105918,0.874356,-2.969761,-1.039399,0.635834
0.858874,0.102595,-0.643173,0.082930,-0.239943,0.106338,0.874488,-2.970252,-1.038751,0.635881
0.860519,0.101360,-0.645131,0.082930,-0.239572,0.107009,0.874488,-2.971079,-1.037755,0.636085
0.862149,0.100132,-0.647032,0.081710,-0.239297,0.107392,0.874524,-2.971415,-1.037072,0.636205
0.863779,0.098899,-0.648922,0.081710,-0.239081,0.108207,0.874524,-2.972146,-1.036183,0.636325
0.865439,0.097639,-0.650750,0.080431,-0.238842,0.108758,0.874524,-2.972721,-1.035535,0.636528
0.867102,0.096372,-0.652468,0.080431,-0.238578,0.109489,0.874620,-2.973345,-1.034599,0.636816
0.868766,0.095099,-0.654165,0.080431,-0.238291,0.109896,0.874691,-2.973825,-1.033892,0.637007
0.870423,0.093827,-0.655755,0.079196,-0.237847,0.110268,0.874680,-2.974244,-1.033051,0.637283
0.872061,0.092567,-0.657329,0.079196,-0.237668,0.110663,0.874703,-2.974712,-1.032415,0.637391
0.873658,0.091333,-0.659095,0.077918,-0.237428,0.111166,0.874943,-2.975479,-1.031431,0.637499
0.875234,0.090111,-0.660781,0.077918,-0.237261,0.111513,0.875027,-2.976054,-1.030759,0.637642
0.876765,0.088919,-0.662747,0.077918,-0.237177,0.111885,0.875230,-2.976594,-1.029824,0.637906
0.878223,0.087780,-0.664832,0.076646,-0.236985,0.112316,0.875422,-2.977013,-1.029343,0.638050
0.879673,0.086642,-0.666910,0.076646,-0.236818,0.113011,0.875662,-2.977949,-1.028323,0.638229
0.881114,0.085507,-0.668967,0.075438,-0.236818,0.113382,0.875806,-2.978440,-1.027735,0.638277
0.882546,0.084374,-0.670997,0.075438,-0.236399,0.113886,0.875914,-2.979064,-1.026775,0.638421
0.883969,0.083243,-0.673034,0.075438,-0.236099,0.114197,0.876033,-2.979531,-1.026199,0.638481
0.885361,0.082131,-0.675044,0.074155,-0.235572,0.114556,0.876141,-2.979975,-1.025371,0.638793
0.886761,0.081010,-0.677092,0.074155,-0.235260,0.114844,0.876153,-2.980490,-1.024771,0.638912
0.888179,0.079869,-0.679186,0.072934,-0.234829,0.115371,0.876333,-2.981209,-1.023907,0.639092
0.889590,0.078729,-0.681272,0.072934,-0.234410,0.115707,0.876465,-2.981581,-1.023331,0.639188
0.890972,0.077607,-0.683250,0.072934,-0.233799,0.116102,0.876596,-2.982145,-1.022455,0.639296
0.892336,0.076495,-0.685119,0.071686,-0.233440,0.116390,0.876668,-2.982444,-1.021783,0.639427
0.893686,0.075391,-0.687098,0.071686,-0.232817,0.117132,0.876920,-2.983080,-1.020955,0.639475
0.895021,0.074294,-0.689256,0.070464,-0.232470,0.117563,0.877076,-2.983452,-1.020295,0.639571
0.896366,0.073185,-0.691434,0.070464,-0.231907,0.117983,0.877303,-2.983883,-1.019383,0.639643
0.897685,0.072092,-0.693584,0.070464,-0.231547,0.118163,0.877351,-2.984219,-1.018927,0.639751
0.898993,0.071004,-0.695672,0.069192,-0.230793,0.118366,0.877435,-2.984542,-1.018123,0.639787
0.900305,0.069907,-0.697653,0.069192,-0.230337,0.118678,0.877423,-2.984938,-1.017463,0.639919
0.901613,0.068810,-0.699515,0.067906,-0.229607,0.119013,0.877615,-2.985442,-1.016707,0.640027
0.902927,0.067702,-0.701390,0.067906,-0.229020,0.119229,0.877723,-2.985933,-1.016071,0.640098
0.904188,0.066636,-0.703390,0.067906,-0.228350,0.119492,0.877879,-2.986389,-1.015351,0.640422
0.905446,0.065569,-0.705389,0.066703,-0.227870,0.119636,0.878046,-2.986616,-1.014859,0.640577
0.906704,0.064496,-0.707315,0.066703,-0.227236,0.120199,0.878357,-2.987324,-1.014055,0.640685
0.907952,0.063428,-0.709153,0.065430,-0.226804,0.120619,0.878513,-2.987731,-1.013467,0.640769
0.909182,0.062372,-0.711136,0.065430,-0.226146,0.120978,0.878788,-2.988019,-1.012567,0.640805
0.910366,0.061351,-0.713123,0.065430,-0.225738,0.121242,0.878788,-2.988403,-1.012123,0.640865
0.911549,0.060326,-0.715111,0.064273,-0.225104,0.121481,0.878837,-2.988738,-1.011487,0.640925
0.912682,0.059341,-0.717203,0.064273,-0.224661,0.121805,0.878944,-2.989086,-1.010887,0.641033
0.913827,0.058342,-0.719289,0.063089,-0.223930,0.122080,0.878980,-2.989518,-1.010071,0.641129
0.914940,0.057366,-0.721303,0.063089,-0.223499,0.122332,0.879100,-2.989697,-1.009519,0.641189
0.916057,0.056382,-0.723309,0.063089,-0.222840,0.122571,0.879136,-2.990129,-1.008667,0.641368
0.917167,0.055401,-0.725305,0.061942,-0.222349,0.122751,0.879244,-2.990369,-1.008247,0.641428
0.918236,0.054453,-0.727175,0.061942,-0.221666,0.123338,0.879472,-2.991004,-1.007479,0.641548
0.919304,0.053502,-0.729048,0.061942,-0.221163,0.123722,0.879580,-2.991304,-1.006987,0.641500
0.920361,0.052557,-0.730955,0.060816,-0.220468,0.124225,0.879628,-2.991640,-1.006267,0.641716
0.921405,0.051620,-0.732893,0.060816,-0.219941,0.124584,0.879724,-2.992059,-1.005655,0.641668
0.922450,0.050679,-0.734837,0.059658,-0.219247,0.125063,0.879807,-2.992347,-1.004995,0.641859
0.923543,0.049690,-0.736788,0.059658,-0.218828,0.125339,0.879675,-2.992598,-1.004539,0.641883
0.924630,0.048702,-0.738732,0.059658,-0.218097,0.125615,0.879640,-2.993066,-1.003747,0.641991
0.925736,0.047695,-0.740386,0.058566,-0.217618,0.125758,0.879687,-2.993294,-1.003267,0.642051
0.926850,0.046675,-0.742045,0.058566,-0.216959,0.126070,0.879628,-2.993474,-1.002547,0.642171
0.927921,0.045693,-0.743762,0.057533,-0.216492,0.126297,0.879640,-2.993773,-1.002091,0.642171
0.928962,0.044735,-0.745556,0.057533,-0.215761,0.126717,0.879759,-2.994049,-1.001407,0.642183
0.930001,0.043774,-0.747352,0.057533,-0.215306,0.126980,0.879879,-2.994349,-1.000915,0.642279
0.930951,0.042893,-0.749138,0.056508,-0.214671,0.127364,0.880011,-2.994613,-1.000267,0.642219
0.931893,0.042016,-0.750911,0.056508,-0.214252,0.127687,0.880118,-2.994961,-0.999739,0.642267
0.932838,0.041134,-0.752716,0.055531,-0.213653,0.128047,0.880155,-2.995272,-0.998923,0.642219
0.933777,0.040253,-0.754542,0.055531,-0.213222,0.128250,0.880143,-2.995548,-0.998443,0.642351
0.934712,0.039374,-0.756360,0.055531,-0.212599,0.128502,0.880190,-2.996003,-0.997963,0.642375
0.935609,0.038526,-0.758241,0.054572,-0.212132,0.128657,0.880214,-2.996135,-0.997567,0.642459
0.936501,0.037680,-0.760114,0.054572,-0.211617,0.129137,0.880358,-2.996603,-0.996847,0.642531
0.937395,0.036830,-0.762082,0.053882,-0.211067,0.129508,0.880430,-2.996939,-0.996367,0.642566
0.938290,0.035975,-0.764106,0.053684,-0.210324,0.130000,0.880586,-2.997155,-0.995600,0.642722
0.939178,0.035123,-0.765988,0.053684,-0.209832,0.130311,0.880621,-2.997478,-0.995179,0.642626
0.940075,0.034259,-0.767763,0.052788,-0.209054,0.130646,0.880682,-2.997598,-0.994567,0.642830
0.940969,0.033395,-0.769534,0.052788,-0.208491,0.131006,0.880657,-2.997897,-0.994207,0.642746
0.941914,0.032479,-0.771039,0.052788,-0.207689,0.131461,0.880657,-2.998353,-0.993560,0.642794
0.942855,0.031564,-0.772539,0.051948,-0.207186,0.131653,0.880574,-2.998521,-0.993079,0.642830
0.943801,0.030641,-0.774053,0.051948,-0.206383,0.132048,0.880633,-2.999036,-0.992443,0.642818
0.944723,0.029739,-0.775535,0.051130,-0.205940,0.132396,0.880693,-2.999240,-0.992047,0.642830
0.945650,0.028830,-0.777026,0.051130,-0.205317,0.132767,0.880777,-2.999588,-0.991544,0.642878
0.946544,0.027950,-0.778669,0.051130,-0.204910,0.133043,0.880861,-2.999948,-0.991171,0.642938
0.947433,0.027073,-0.780304,0.050393,-0.204383,0.133414,0.881005,-3.000163,-0.990475,0.642926
0.948306,0.026208,-0.781741,0.050393,-0.203976,0.133713,0.881041,-3.000583,-0.989911,0.642986
0.949187,0.025333,-0.783122,0.049651,-0.203425,0.134073,0.881161,-3.000907,-0.989384,0.642926
0.950059,0.024464,-0.784428,0.049651,-0.202981,0.134324,0.881280,-3.001290,-0.988880,0.642962
0.950868,0.023656,-0.785966,0.049651,-0.202419,0.134780,0.881472,-3.001734,-0.988327,0.642926
0.951673,0.022849,-0.787497,0.048962,-0.202023,0.134996,0.881520,-3.002010,-0.988039,0.642962
0.952409,0.022109,-0.789124,0.048962,-0.201568,0.135451,0.881712,-3.002417,-0.987367,0.642926
0.953140,0.021373,-0.790740,0.048962,-0.201221,0.135762,0.881784,-3.002729,-0.986972,0.642986
0.953859,0.020645,-0.792461,0.048327,-0.200718,0.136229,0.881939,-3.003016,-0.986587,0.642962
0.954573,0.019920,-0.794301,0.048327,-0.200406,0.136529,0.881999,-3.003400,-0.986192,0.642998
0.955287,0.019193,-0.796144,0.047698,-0.199844,0.137056,0.882143,-3.004000,-0.985495,0.642890
0.956008,0.018455,-0.798033,0.047698,-0.199448,0.137320,0.882215,-3.004287,-0.985028,0.642938
0.956723,0.017722,-0.799909,0.047698,-0.198682,0.137643,0.882143,-3.004467,-0.984644,0.642962
0.957430,0.016992,-0.801673,0.047146,-0.198226,0.137895,0.882191,-3.004731,-0.984403,0.643081
0.958126,0.016273,-0.803302,0.047146,-0.197376,0.138314,0.882347,-3.005222,-0.983780,0.642962
0.958823,0.015550,-0.804969,0.046594,-0.196849,0.138601,0.882359,-3.005439,-0.983372,0.643009
0.959559,0.014784,-0.806464,0.046594,-0.196010,0.139021,0.882299,-3.005774,-0.982808,0.642938
0.960297,0.014014,-0.807966,0.046594,-0.195484,0.139248,0.882359,-3.005954,-0.982448,0.642974
0.961046,0.013230,-0.809389,0.046099,-0.194777,0.139764,0.882479,-3.006242,-0.981992,0.642842
0.961803,0.012434,-0.810725,0.046099,-0.194214,0.140135,0.882610,-3.006661,-0.981524,0.642974
0.962548,0.011650,-0.812023,0.045604,-0.193483,0.140650,0.882682,-3.007129,-0.981116,0.642914
0.963281,0.010877,-0.813283,0.045604,-0.193029,0.140974,0.882706,-3.007465,-0.980780,0.642986
0.964015,0.010101,-0.814545,0.045604,-0.192406,0.141285,0.882730,-3.007872,-0.980420,0.642842
0.964712,0.009362,-0.815919,0.045186,-0.191998,0.141525,0.882790,-3.008243,-0.979976,0.642914
0.965409,0.008620,-0.817297,0.045186,-0.191399,0.141992,0.883029,-3.008795,-0.979460,0.642854
0.966081,0.007903,-0.818648,0.044843,-0.190992,0.142280,0.883173,-3.009107,-0.979076,0.642890
0.966741,0.007197,-0.820048,0.044776,-0.190441,0.142735,0.883401,-3.009502,-0.978644,0.642770
0.967394,0.006496,-0.821425,0.044776,-0.190058,0.143022,0.883509,-3.009790,-0.978284,0.642770
0.968020,0.005824,-0.822981,0.044397,-0.189531,0.143490,0.883593,-3.010174,-0.977816,0.642662
0.968641,0.005153,-0.824528,0.044397,-0.189219,0.143861,0.883748,-3.010497,-0.977528,0.642710
0.969247,0.004498,-0.825930,0.044397,-0.188680,0.144352,0.883928,-3.010965,-0.977264,0.642638
0.969860,0.003832,-0.827323,0.044072,-0.188177,0.144676,0.884060,-3.011265,-0.976964,0.642734
0.970472,0.003166,-0.828749,0.044072,-0.187518,0.145083,0.884072,-3.011840,-0.976316,0.642614
0.971114,0.002465,-0.830091,0.043746,-0.187088,0.145335,0.884192,-3.012224,-0.976004,0.642614
0.971755,0.001764,-0.831434,0.043746,-0.186429,0.145634,0.884359,-3.012775,-0.975644,0.642507
0.972406,0.001050,-0.832237,0.043746,-0.185998,0.145862,0.884359,-3.013063,-0.975284,0.642495
0.973053,0.000339,-0.833037,0.043466,-0.185399,0.146233,0.884599,-3.013495,-0.974768,0.642602
0.973669,-0.000339,-0.834104,0.043466,-0.185003,0.146545,0.884790,-3.013938,-0.974420,0.642375
0.974249,-0.000979,-0.835432,0.043191,-0.184668,0.147036,0.885174,-3.014429,-0.974120,0.642495
0.974827,-0.001618,-0.836766,0.043191,-0.184429,0.147407,0.885378,-3.014754,-0.973904,0.642435
0.975375,-0.002227,-0.838309,0.043191,-0.184021,0.147910,0.885713,-3.015317,-0.973484,0.642459
0.975936,-0.002850,-0.839889,0.042942,-0.183698,0.148246,0.885749,-3.015652,-0.973184,0.642399
0.976463,-0.003438,-0.841265,0.042942,-0.183159,0.148689,0.885880,-3.016012,-0.972788,0.642291
0.976999,-0.004039,-0.842635,0.042719,-0.182823,0.148845,0.886001,-3.016384,-0.972464,0.642207
0.977522,-0.004625,-0.843906,0.042719,-0.182237,0.149037,0.886013,-3.016791,-0.971900,0.642231
0.978018,-0.005183,-0.845169,0.042719,-0.181782,0.149193,0.886024,-3.017127,-0.971649,0.642291
0.978514,-0.005743,-0.846434,0.042510,-0.181159,0.149528,0.886204,-3.017679,-0.971264,0.642075
0.978972,-0.006261,-0.847297,0.042510,-0.180764,0.149804,0.886587,-3.018074,-0.971012,0.642027
0.979444,-0.006796,-0.848089,0.042327,-0.180081,0.150283,0.887067,-3.018698,-0.970748,0.641895
0.979951,-0.007371,-0.849095,0.042327,-0.179650,0.150642,0.887342,-3.019081,-0.970592,0.641955
0.980489,-0.007982,-0.850306,0.042327,-0.179206,0.151121,0.887678,-3.019561,-0.970316,0.641823
0.981026,-0.008595,-0.851519,0.042139,-0.178835,0.151313,0.887750,-3.019860,-0.970064,0.641931
0.981557,-0.009201,-0.852526,0.042139,-0.178380,0.151745,0.887857,-3.020161,-0.969453,0.641835
0.982087,-0.009807,-0.853533,0.041974,-0.178021,0.151912,0.887953,-3.020520,-0.969104,0.641847
0.982606,-0.010403,-0.854501,0.041974,-0.177565,0.152200,0.888169,-3.021167,-0.968864,0.641752
0.983117,-0.010991,-0.855432,0.041974,-0.177327,0.152331,0.888265,-3.021527,-0.968589,0.641787
0.983629,-0.011580,-0.856366,0.041834,-0.176895,0.152559,0.888612,-3.022114,-0.968313,0.641560
0.984147,-0.012178,-0.857415,0.041834,-0.176643,0.152799,0.888792,-3.022402,-0.968013,0.641680
0.984662,-0.012773,-0.858458,0.041697,-0.176236,0.153218,0.889295,-3.022929,-0.967604,0.641536
0.985159,-0.013349,-0.859584,0.041697,-0.176044,0.153506,0.889631,-3.023253,-0.967496,0.641620
0.985639,-0.013907,-0.860797,0.041697,-0.175661,0.153889,0.890110,-3.023829,-0.967328,0.641512
0.986114,-0.014460,-0.861999,0.041566,-0.175373,0.154201,0.890289,-3.024237,-0.967125,0.641572
0.986555,-0.014974,-0.862801,0.041566,-0.174799,0.154536,0.890660,-3.024692,-0.966705,0.641440
0.986990,-0.015482,-0.863594,0.041453,-0.174464,0.154668,0.890829,-3.024980,-0.966429,0.641500
0.987406,-0.015968,-0.864406,0.041453,-0.174009,0.154871,0.890948,-3.025531,-0.966069,0.641356
0.987798,-0.016429,-0.865232,0.041453,-0.173709,0.154991,0.890996,-3.025879,-0.965877,0.641368
0.988206,-0.016908,-0.865939,0.041353,-0.173337,0.155207,0.891248,-3.026454,-0.965613,0.641213
0.988667,-0.017449,-0.866797,0.041353,-0.173062,0.155398,0.891547,-3.026814,-0.965397,0.641177
0.989125,-0.017990,-0.867654,0.041262,-0.172715,0.155770,0.892026,-3.027341,-0.965145,0.641093
0.989529,-0.018467,-0.868572,0.041262,-0.172523,0.156034,0.892350,-3.027785,-0.964893,0.640973
0.989908,-0.018914,-0.869309,0.041262,-0.172188,0.156381,0.892745,-3.028157,-0.964605,0.640961
0.990269,-0.019342,-0.870150,0.041174,-0.171924,0.156645,0.893069,-3.028468,-0.964377,0.640841
0.990593,-0.019726,-0.870914,0.041174,-0.171637,0.156896,0.893344,-3.029067,-0.964149,0.640889
0.990912,-0.020105,-0.871669,0.041094,-0.171445,0.157004,0.893536,-3.029463,-0.964064,0.640817
0.991211,-0.020461,-0.872412,0.041094,-0.171014,0.157136,0.893667,-3.029739,-0.963825,0.640829
0.991496,-0.020801,-0.873058,0.041094,-0.170858,0.157172,0.893847,-3.030087,-0.963777,0.640721
0.991793,-0.021155,-0.873630,0.041025,-0.170571,0.157292,0.894123,-3.030674,-0.963489,0.640721
0.992173,-0.021608,-0.874665,0.041025,-0.170367,0.157448,0.894374,-3.031034,-0.963225,0.640613
0.992553,-0.022063,-0.875703,0.040954,-0.170152,0.157687,0.894901,-3.031574,-0.962889,0.640470
0.992962,-0.022555,-0.876450,0.040954,-0.169984,0.157926,0.895309,-3.031957,-0.962649,0.640494
0.993365,-0.023038,-0.877157,0.040954,-0.169588,0.158394,0.895788,-3.032389,-0.962409,0.640326
0.993770,-0.023526,-0.877859,0.040887,-0.169373,0.158585,0.896172,-3.032592,-0.962253,0.640422
0.994175,-0.024014,-0.878561,0.040887,-0.169110,0.158753,0.896363,-3.033108,-0.962025,0.640314
0.994572,-0.024493,-0.879310,0.040834,-0.168930,0.158873,0.896519,-3.033371,-0.961905,0.640350
0.994962,-0.024964,-0.880097,0.040834,-0.168726,0.158801,0.896662,-3.033923,-0.961665,0.640278
0.995350,-0.025433,-0.880874,0.040834,-0.168499,0.158921,0.896722,-3.034235,-0.961581,0.640206
0.995698,-0.025856,-0.881924,0.040784,-0.168151,0.159005,0.897202,-3.034702,-0.961329,0.640206
0.995989,-0.026209,-0.882544,0.040784,-0.167972,0.159137,0.897513,-3.035086,-0.961173,0.640206
0.996280,-0.026563,-0.883163,0.040741,-0.167612,0.159388,0.898136,-3.035673,-0.960993,0.640158
0.996555,-0.026898,-0.883669,0.040739,-0.167301,0.159592,0.898543,-3.036081,-0.960790,0.640074
0.996817,-0.027217,-0.884066,0.040739,-0.166990,0.159856,0.898998,-3.036488,-0.960645,0.640086
0.997087,-0.027546,-0.884402,0.040696,-0.166762,0.159976,0.899286,-3.036788,-0.960609,0.640039
0.997390,-0.027917,-0.884989,0.040696,-0.166487,0.160179,0.899597,-3.037100,-0.960441,0.639991
0.997680,-0.028271,-0.885684,0.040696,-0.166343,0.160263,0.899729,-3.037376,-0.960213,0.639907
0.997946,-0.028597,-0.886429,0.040657,-0.166151,0.160263,0.899873,-3.037772,-0.959925,0.639955
0.998208,-0.028919,-0.887134,0.040657,-0.166019,0.160251,0.900089,-3.038023,-0.959769,0.639847
0.998480,-0.029252,-0.887738,0.040622,-0.165756,0.160395,0.900448,-3.038586,-0.959637,0.639871
0.998708,-0.029532,-0.887998,0.040622,-0.165589,0.160502,0.900723,-3.038850,-0.959541,0.639787
0.998929,-0.029804,-0.888297,0.040622,-0.165337,0.160658,0.901263,-3.039306,-0.959445,0.639751
0.999146,-0.030071,-0.888556,0.040587,-0.165097,0.160862,0.901610,-3.039522,-0.959265,0.639619
0.999350,-0.030323,-0.888810,0.040587,-0.164929,0.161101,0.902041,-3.039989,-0.959061,0.639655
0.999551,-0.030570,-0.889102,0.040557,-0.164726,0.161209,0.902328,-3.040289,-0.958941,0.639487
0.999722,-0.030780,-0.889176,0.040557,-0.164654,0.161329,0.902424,-3.040552,-0.958845,0.639547
0.999900,-0.031000,-0.889201,0.040557,-0.164666,0.161269,0.902544,-3.040673,-0.958821,0.639487
1.000116,-0.031266,-0.889488,0.040530,-0.164630,0.161317,0.902640,-3.040984,-0.958665,0.639487
1.000368,-0.031577,-0.890037,0.040530,-0.164654,0.161293,0.902688,-3.041164,-0.958521,0.639475
1.000614,-0.031881,-0.890619,0.040530,-0.164690,0.161365,0.903143,-3.041692,-0.958329,0.639379
1.000854,-0.032177,-0.891138,0.040505,-0.164642,0.161485,0.903395,-3.042063,-0.958101,0.639367
1.001084,-0.032463,-0.891698,0.040505,-0.164582,0.161724,0.903958,-3.042542,-0.958077,0.639188
1.001313,-0.032746,-0.892270,0.040477,-0.164510,0.161904,0.904245,-3.042698,-0.957969,0.639236
1.001539,-0.033026,-0.892829,0.040477,-0.164415,0.162024,0.904521,-3.042962,-0.957777,0.639116
1.001774,-0.033319,-0.893324,0.040477,-0.164247,0.162096,0.904665,-3.043082,-0.957813,0.639140
1.001989,-0.033585,-0.893668,0.040458,-0.164079,0.162084,0.904677,-3.043298,-0.957681,0.639092
1.002204,-0.033853,-0.894019,0.040458,-0.163852,0.162048,0.904677,-3.043477,-0.957670,0.639092
1.002402,-0.034100,-0.894256,0.040458,-0.163696,0.162048,0.904952,-3.043693,-0.957465,0.639020
1.002585,-0.034328,-0.894379,0.040443,-0.163612,0.162072,0.905168,-3.043969,-0.957417,0.639032
1.002727,-0.034504,-0.894812,0.040443,-0.163552,0.162168,0.905635,-3.044245,-0.957249,0.638984
1.002848,-0.034656,-0.895087,0.040426,-0.163480,0.162240,0.905935,-3.044545,-0.957225,0.638936
1.002971,-0.034809,-0.895347,0.040426,-0.163468,0.162420,0.906342,-3.044928,-0.957177,0.638936
1.003105,-0.034976,-0.895663,0.040426,-0.163432,0.162444,0.906581,-3.045300,-0.957033,0.638924
1.003247,-0.035154,-0.896047,0.040410,-0.163360,0.162551,0.906702,-3.045540,-0.957033,0.638996
1.003396,-0.035339,-0.896391,0.040410,-0.163217,0.162575,0.906869,-3.045672,-0.956949,0.638864
1.003543,-0.035523,-0.896721,0.040410,-0.163050,0.162623,0.906977,-3.045863,-0.956985,0.638888
1.003691,-0.035710,-0.897034,0.040396,-0.162978,0.162611,0.907049,-3.045935,-0.956889,0.638816
1.003820,-0.035871,-0.897172,0.040396,-0.162870,0.162587,0.907276,-3.046187,-0.956625,0.638852
1.003929,-0.036008,-0.897157,0.040384,-0.162738,0.162647,0.907455,-3.046367,-0.956625,0.638829
1.004024,-0.036127,-0.897261,0.040384,-0.162546,0.162719,0.907792,-3.046534,-0.956349,0.638709
1.004110,-0.036235,-0.897314,0.040384,-0.162510,0.162743,0.908055,-3.046727,-0.956302,0.638721
1.004191,-0.036336,-0.897317,0.040372,-0.162534,0.162887,0.908235,-3.047074,-0.956265,0.638685
1.004272,-0.036437,-0.897318,0.040372,-0.162534,0.162935,0.908438,-3.047182,-0.956349,0.638757
1.004369,-0.036558,-0.897440,0.040362,-0.162510,0.163018,0.908450,-3.047302,-0.956193,0.638637
1.004464,-0.036678,-0.897571,0.040362,-0.162510,0.163066,0.908582,-3.047458,-0.956074,0.638733
1.004571,-0.036811,-0.897782,0.040362,-0.162558,0.162947,0.908534,-3.047613,-0.955942,0.638565
1.004686,-0.036956,-0.898082,0.040356,-0.162534,0.162971,0.908582,-3.047625,-0.955918,0.638589
1.004800,-0.037100,-0.898389,0.040356,-0.162582,0.163030,0.908834,-3.047985,-0.956002,0.638505
1.004903,-0.037228,-0.898605,0.040356,-0.162558,0.163030,0.909013,-3.047973,-0.955977,0.638469
1.005005,-0.037357,-0.898823,0.040348,-0.162558,0.163138,0.909205,-3.048225,-0.956002,0.638541
1.005105,-0.037483,-0.899027,0.040348,-0.162558,0.163198,0.909348,-3.048345,-0.955942,0.638457
1.005205,-0.037608,-0.899171,0.040341,-0.162546,0.163234,0.909564,-3.048321,-0.955881,0.638541
1.005305,-0.037735,-0.899291,0.040341,-0.162450,0.163294,0.909576,-3.048381,-0.955797,0.638517
1.005400,-0.037854,-0.899363,0.040341,-0.162318,0.163330,0.909588,-3.048836,-0.955593,0.638505
1.005479,-0.037953,-0.899458,0.040336,-0.162366,0.163270,0.909636,-3.048884,-0.955653,0.638505
1.005558,-0.038052,-0.899552,0.040336,-0.162294,0.163258,0.909720,-3.048740,-0.955570,0.638553
1.005606,-0.038112,-0.899558,0.040336,-0.162342,0.163246,0.909732,-3.048896,-0.955593,0.638493
1.005643,-0.038159,-0.899641,0.040332,-0.162354,0.163270,0.909888,-3.048872,-0.955521,0.638505
1.005679,-0.038204,-0.899715,0.040332,-0.162294,0.163258,0.910031,-3.049076,-0.955509,0.638445
1.005706,-0.038239,-0.899834,0.040324,-0.162318,0.163426,0.909876,-3.049148,-0.955497,0.638505
1.005733,-0.038273,-0.899954,0.040324,-0.162294,0.163509,0.909948,-3.049136,-0.955461,0.638445
1.005747,-0.038290,-0.899970,0.040324,-0.162222,0.163581,0.910031,-3.048896,-0.955546,0.638469
1.005760,-0.038307,-0.899992,0.040297,-0.162247,0.163569,0.910031,-3.048956,-0.955497,0.638421
1.005772,-0.038323,-0.900014,0.040297,-0.162151,0.163581,0.910007,-3.049316,-0.955521,0.638517
1.005802,-0.038360,-0.900122,0.040297,-0.162115,0.163569,0.910031,-3.049328,-0.955449,0.638421
1.005835,-0.038401,-0.900209,0.040296,-0.162139,0.163545,0.909960,-3.049352,-0.955437,0.638445
1.005864,-0.038438,-0.900273,0.040296,-0.162151,0.163545,0.910068,-3.049292,-0.955342,0.638409
1.005890,-0.038471,-0.900320,0.040296,-0.162163,0.163533,0.910140,-3.049376,-0.955461,0.638421
1.005915,-0.038503,-0.900367,0.040295,-0.162175,0.163593,0.910019,-3.049316,-0.955413,0.638337
1.005938,-0.038531,-0.900440,0.040295,-0.162115,0.163617,0.909948,-3.049376,-0.955461,0.638373
1.005957,-0.038556,-0.900537,0.040287,-0.162175,0.163653,0.910007,-3.049436,-0.955437,0.638337
1.005978,-0.038582,-0.900644,0.040287,-0.162103,0.163749,0.910187,-3.049364,-0.955413,0.638409
1.006012,-0.038624,-0.900673,0.040287,-0.162043,0.163677,0.910175,-3.049328,-0.955389,0.638421
1.006045,-0.038666,-0.900702,0.040284,-0.162019,0.163701,0.910163,-3.049616,-0.955246,0.638421
1.006075,-0.038704,-0.900691,0.040284,-0.161983,0.163689,0.910140,-3.049604,-0.955365,0.638397
1.006102,-0.038738,-0.900641,0.040284,-0.162019,0.163665,0.910151,-3.049400,-0.955221,0.638397
1.006128,-0.038772,-0.900592,0.040284,-0.161983,0.163689,0.910235,-3.049472,-0.955329,0.638421
1.006146,-0.038793,-0.900541,0.040284,-0.162007,0.163665,0.910247,-3.049484,-0.955125,0.638349
1.006158,-0.038808,-0.900530,0.040284,-0.162007,0.163725,0.910271,-3.049436,-0.955270,0.638397
1.006167,-0.038821,-0.900501,0.040283,-0.162007,0.163725,0.910271,-3.049747,-0.955125,0.638361
1.006171,-0.038825,-0.900531,0.040283,-0.161995,0.163737,0.910223,-3.049735,-0.955282,0.638349
1.006174,-0.038830,-0.900560,0.040280,-0.162019,0.163737,0.910259,-3.049460,-0.955138,0.638277
1.006177,-0.038833,-0.900582,0.040280,-0.162019,0.163713,0.910151,-3.049424,-0.955209,0.638325
1.006179,-0.038835,-0.900595,0.040280,-0.162031,0.163725,0.910175,-3.049651,-0.955161,0.638349
1.006181,-0.038837,-0.900609,0.040280,-0.162043,0.163689,0.910199,-3.049723,-0.955209,0.638337
1.006180,-0.038837,-0.900623,0.040280,-0.161983,0.163725,0.910235,-3.049568,-0.955209,0.638277
1.006178,-0.038834,-0.900637,0.040280,-0.161983,0.163653,0.910331,-3.049556,-0.955161,0.638349
1.006176,-0.038831,-0.900650,0.040281,-0.162019,0.163725,0.910295,-3.049520,-0.955305,0.638277
1.006171,-0.038825,-0.900682,0.040281,-0.162055,0.163689,0.910271,-3.049508,-0.955209,0.638301
1.006166,-0.038819,-0.900713,0.040281,-0.162079,0.163737,0.910391,-3.049688,-0.955317,0.638241
1.006162,-0.038814,-0.900732,0.040281,-0.162043,0.163749,0.910343,-3.049592,-0.955221,0.638349
1.006159,-0.038810,-0.900731,0.040281,-0.162055,0.163725,0.910307,-3.049520,-0.955246,0.638241
1.006154,-0.038804,-0.900721,0.040281,-0.162043,0.163749,0.910271,-3.049556,-0.955233,0.638349
1.006151,-0.038800,-0.900702,0.040281,-0.162043,0.163785,0.910403,-3.049640,-0.955365,0.638265
1.006149,-0.038798,-0.900697,0.040281,-0.162115,0.163761,0.910367,-3.049700,-0.955246,0.638337
