0.000000,-0.000000,0.000000,-0.000000,0.000000,-0.000000,0.000000,0.000000,-0.000000
0.000046,0.000791,0.000005,0.000027,-0.000210,-0.000366,0.001056,0.002762,-0.000373
0.000031,0.000343,0.000002,0.000008,-0.000129,-0.000341,0.000585,0.002163,-0.000720
-0.000046,0.000113,0.000001,0.000002,-0.000123,-0.000281,0.000038,0.001686,0.000493
0.000132,0.000227,-0.000004,0.000003,0.000331,-0.000061,-0.001606,0.002657,-0.000452
0.000020,0.000112,0.000021,0.000357,0.000190,-0.000377,0.001002,0.001226,-0.000064
0.000172,-0.000012,0.000020,-0.000001,0.000216,-0.000806,0.001148,0.001477,0.000087
0.000200,0.000139,-0.000031,0.000319,0.000624,-0.000484,-0.000075,0.000172,0.000001
0.000218,0.000134,-0.000005,0.000197,0.000877,-0.000729,-0.001303,-0.000529,-0.000074
-0.000035,0.000088,-0.000000,-0.000000,0.001697,-0.001847,0.000531,0.000333,0.000102
0.000358,0.000437,-0.000004,0.000004,0.001472,-0.001281,0.000763,-0.001323,0.000401
-0.000319,0.000352,-0.000002,0.000570,0.002335,-0.003264,0.000053,-0.000686,-0.000358
-0.000459,0.000688,-0.000004,0.000006,0.003602,-0.003595,-0.000318,-0.000531,0.000799
-0.000602,0.000938,-0.000003,0.000008,0.004128,-0.004620,0.000498,0.000106,-0.000067
-0.000893,0.000630,-0.000045,0.000837,0.004601,-0.005558,0.000674,-0.000206,-0.000190
-0.001235,0.000744,-0.000084,0.000003,0.005251,-0.006781,-0.000718,0.001409,-0.001032
-0.001579,0.000743,-0.000080,0.000002,0.006306,-0.007581,0.000401,0.001342,0.000415
-0.002049,0.000855,-0.000097,0.000490,0.007276,-0.008525,0.000554,0.001404,0.000559
-0.002474,0.000909,-0.000110,0.000205,0.008431,-0.009867,0.000910,0.001111,0.000123
-0.003209,0.000883,-0.000151,-0.000002,0.009574,-0.010569,0.000397,0.001067,0.000298
-0.003634,0.000814,-0.000172,-0.000005,0.011492,-0.012138,0.000792,0.000071,-0.000105
-0.004504,0.001305,-0.000207,-0.000096,0.011906,-0.013885,-0.000117,-0.000803,0.001168
-0.005056,0.001637,-0.000231,0.000002,0.014086,-0.015649,0.000448,-0.000708,0.000920
-0.005854,0.001704,-0.000232,-0.000000,0.015372,-0.017513,0.001755,-0.001205,0.001398
-0.006414,0.001927,-0.000271,-0.000044,0.017792,-0.020170,0.001523,0.000351,0.001291
-0.007286,0.001300,-0.000281,-0.000012,0.019579,-0.022362,0.002766,-0.000375,0.002420
-0.007750,0.000384,-0.000322,-0.000027,0.022936,-0.025608,0.002759,0.000358,0.000682
-0.008723,0.002316,-0.000311,-0.001502,0.024505,-0.028520,0.004685,0.000493,0.002154
-0.009090,0.002245,-0.000364,-0.002877,0.028130,-0.033179,0.004005,0.001234,0.000544
-0.010176,0.002226,-0.000402,-0.004181,0.031333,-0.035565,0.005068,0.000910,0.002182
-0.010681,0.002383,-0.000450,-0.004817,0.035301,-0.040432,0.004835,0.001430,0.000875
-0.011987,0.002692,-0.000469,-0.004958,0.038031,-0.043361,0.006539,0.002082,0.001504
-0.012744,0.003085,-0.000516,-0.004820,0.041994,-0.048327,0.006633,-0.000139,0.000601
-0.014491,0.003733,-0.000542,-0.003794,0.043984,-0.051421,0.007901,0.000771,0.002122
-0.015618,0.004218,-0.000577,-0.003453,0.047690,-0.056186,0.008866,0.001573,0.001749
-0.017733,0.004647,-0.000661,-0.003427,0.050002,-0.059195,0.007900,0.001065,0.002480
-0.018939,0.005063,-0.000711,-0.003524,0.054647,-0.064115,0.008784,0.001406,0.002387
-0.021211,0.005612,-0.000766,-0.003180,0.056688,-0.067766,0.009070,0.001038,0.002691
-0.022147,0.005595,-0.000831,-0.005157,0.062679,-0.073978,0.009518,0.002364,0.003093
-0.024424,0.005689,-0.000854,-0.006740,0.065736,-0.077618,0.012110,0.001178,0.002326
-0.025552,0.006120,-0.000902,-0.007132,0.071479,-0.084439,0.013266,0.002884,0.002931
-0.028093,0.006776,-0.000963,-0.006672,0.074782,-0.088467,0.014292,0.002800,0.001884
-0.029257,0.007434,-0.001011,-0.006365,0.080970,-0.096055,0.015512,0.003328,0.003169
-0.031889,0.007823,-0.001082,-0.007143,0.084979,-0.100503,0.016464,0.003153,0.002521
-0.033003,0.008204,-0.001142,-0.008087,0.092150,-0.108846,0.017551,0.001546,0.003354
-0.035840,0.008617,-0.001210,-0.008954,0.095792,-0.114191,0.018302,0.000677,0.002297
-0.036999,0.008899,-0.001275,-0.010455,0.102984,-0.123856,0.018743,0.000292,0.002462
-0.040469,0.009549,-0.001308,-0.010622,0.105833,-0.128331,0.021555,0.000406,0.003646
-0.041719,0.009994,-0.001375,-0.011661,0.113934,-0.138093,0.022588,0.000290,0.003878
-0.045370,0.010649,-0.001483,-0.011989,0.117657,-0.143226,0.022150,0.000908,0.004889
-0.046829,0.010788,-0.001506,-0.014402,0.124666,-0.154179,0.024474,0.000099,0.004214
-0.050795,0.011406,-0.001594,-0.015067,0.128815,-0.158783,0.025694,0.002426,0.004935
-0.052269,0.012033,-0.001594,-0.015782,0.136272,-0.170350,0.029250,0.002726,0.005458
-0.056453,0.012640,-0.001706,-0.016655,0.140784,-0.175486,0.029517,0.003161,0.003868
-0.057537,0.013947,-0.001715,-0.014930,0.150332,-0.188142,0.033228,0.003010,0.005603
-0.061611,0.014769,-0.001792,-0.015183,0.155820,-0.193806,0.035540,0.002638,0.004828
-0.062855,0.015799,-0.001862,-0.014733,0.167179,-0.206043,0.037590,0.001434,0.006261
-0.067222,0.017261,-0.001909,-0.012706,0.171599,-0.212623,0.040527,0.002046,0.005994
-0.068421,0.018335,-0.001981,-0.012301,0.183121,-0.226590,0.041961,0.001958,0.006685
-0.072972,0.019346,-0.001980,-0.012262,0.186223,-0.234488,0.046067,0.003079,0.006223
-0.074272,0.019727,-0.002029,-0.014794,0.197795,-0.248907,0.048464,0.002178,0.007177
-0.079613,0.020632,-0.002111,-0.015454,0.201384,-0.255642,0.049564,0.003450,0.007537
-0.080615,0.021041,-0.002090,-0.018108,0.212753,-0.271964,0.054388,0.003424,0.008591
-0.086389,0.021801,-0.002174,-0.019527,0.216683,-0.277859,0.055951,0.003410,0.006895
-0.087594,0.022238,-0.002140,-0.022260,0.227438,-0.295067,0.060799,0.003412,0.006855
-0.093600,0.022632,-0.002205,-0.025378,0.231984,-0.300271,0.063891,0.002108,0.006321
-0.094924,0.023588,-0.002247,-0.026309,0.245129,-0.316647,0.066570,0.003226,0.007765
-0.100909,0.024293,-0.002241,-0.028407,0.248230,-0.323663,0.071429,0.001957,0.007751
-0.102028,0.025057,-0.002276,-0.030284,0.263196,-0.339865,0.075182,0.002624,0.008710
-0.108394,0.026616,-0.002272,-0.029267,0.266138,-0.346387,0.079914,0.002228,0.010009
-0.109414,0.027143,-0.002272,-0.032231,0.279483,-0.365463,0.083216,0.002695,0.008916
-0.115628,0.029370,-0.002229,-0.028792,0.281019,-0.374717,0.087746,0.004377,0.010083
-0.116130,0.030549,-0.002200,-0.029433,0.295556,-0.395015,0.092105,0.003679,0.010275
-0.122871,0.032869,-0.002244,-0.025816,0.300153,-0.400364,0.095014,0.004797,0.009691
-0.122631,0.033729,-0.002118,-0.027989,0.314574,-0.422856,0.102733,0.003894,0.011184
-0.129504,0.035157,-0.002126,-0.028215,0.318077,-0.428588,0.106227,0.003479,0.010177
-0.129249,0.035892,-0.002006,-0.031150,0.332973,-0.450885,0.113469,0.004051,0.011910
-0.136018,0.037039,-0.002014,-0.032675,0.337216,-0.456040,0.116809,0.002837,0.011766
-0.135703,0.038191,-0.001949,-0.034087,0.353640,-0.477907,0.121564,0.003565,0.012748
-0.142457,0.039331,-0.001855,-0.035864,0.354923,-0.484052,0.127377,0.002871,0.013868
-0.142081,0.040403,-0.001729,-0.037754,0.368898,-0.507715,0.132752,0.003762,0.014063
-0.148894,0.042561,-0.001581,-0.035675,0.368650,-0.513196,0.139865,0.002864,0.014166
-0.148205,0.043881,-0.001462,-0.036649,0.383239,-0.536636,0.144357,0.004273,0.014058
-0.154819,0.045984,-0.001369,-0.034880,0.384322,-0.540932,0.148432,0.004495,0.013386
-0.153301,0.046759,-0.001171,-0.038288,0.400149,-0.562930,0.156772,0.004845,0.014928
-0.160120,0.048476,-0.001060,-0.038262,0.399722,-0.565237,0.160556,0.004866,0.014500
-0.157824,0.048797,-0.000829,-0.043474,0.414842,-0.589024,0.168246,0.005389,0.015342
-0.163430,0.050162,-0.000700,-0.044843,0.416892,-0.589791,0.172514,0.004836,0.015701
-0.160736,0.050951,-0.000477,-0.048289,0.431836,-0.613118,0.178554,0.005158,0.016413
-0.166274,0.052463,-0.000270,-0.049013,0.428804,-0.614708,0.182465,0.005735,0.016649
-0.162725,0.053712,-0.000008,-0.050595,0.444232,-0.636614,0.189540,0.005737,0.017832
-0.167624,0.055971,0.000248,-0.048060,0.439452,-0.636921,0.193632,0.006955,0.018004
-0.163709,0.057240,0.000544,-0.049428,0.452744,-0.657987,0.200171,0.006639,0.019246
-0.167847,0.059168,0.000803,-0.048077,0.447939,-0.655368,0.202861,0.006696,0.018361
-0.163195,0.059751,0.001134,-0.052327,0.460280,-0.675026,0.209377,0.006657,0.018690
-0.166470,0.061397,0.001417,-0.052089,0.453422,-0.669106,0.210170,0.005562,0.019229
-0.160956,0.062188,0.000188,-0.055169,0.461183,-0.688506,0.218445,0.005813,0.020809
-0.163423,0.063895,0.000223,-0.054225,0.452021,-0.679556,0.220143,0.004153,0.020579
-0.156831,0.064405,0.000264,-0.058235,0.461766,-0.694296,0.226634,0.004672,0.020940
-0.158137,0.065959,0.000299,-0.057570,0.452222,-0.681840,0.226237,0.005572,0.021425
-0.151123,0.066169,0.000342,-0.062462,0.458554,-0.695370,0.230699,0.005662,0.022826
-0.151017,0.067459,0.000381,-0.062158,0.446349,-0.682246,0.229516,0.007324,0.020544
-0.142997,0.067707,0.000429,-0.066544,0.451185,-0.693077,0.234280,0.007097,0.020867
-0.142067,0.069205,0.000469,-0.064811,0.435351,-0.678154,0.230082,0.007738,0.021836
-0.133585,0.069528,0.000517,-0.068394,0.438136,-0.685826,0.233223,0.008393,0.023910
-0.131580,0.071263,0.000557,-0.064452,0.424268,-0.663154,0.229186,0.007861,0.023169
-0.121869,0.071322,0.000606,-0.068697,0.428054,-0.665768,0.232295,0.008066,0.023113
-0.119892,0.073018,0.000645,-0.064141,0.410277,-0.639414,0.225458,0.006872,0.021433
-0.110237,0.073229,0.000690,-0.067025,0.411724,-0.639643,0.225028,0.006651,0.022247
-0.106467,0.074235,0.000733,-0.065244,0.393843,-0.612325,0.217863,0.005974,0.022374
-0.096700,0.074094,0.000778,-0.069280,0.391900,-0.611580,0.215629,0.006165,0.023273
-0.092070,0.075620,0.000821,-0.064304,0.370660,-0.584669,0.206593,0.005911,0.022288
-0.082113,0.075378,0.000863,-0.067773,0.368910,-0.580278,0.203217,0.006626,0.023378
-0.076387,0.075947,0.000905,-0.066035,0.349288,-0.549860,0.194018,0.006998,0.023171
-0.066695,0.076106,0.000947,-0.067579,0.344328,-0.544071,0.190261,0.008479,0.023788
-0.061540,0.075758,0.000985,-0.069297,0.324035,-0.510993,0.179269,0.008060,0.022048
-0.052197,0.074616,0.001020,-0.075583,0.320512,-0.500875,0.173156,0.008507,0.022432
-0.047926,0.074317,0.001053,-0.076197,0.299540,-0.464055,0.161324,0.007654,0.021317
-0.038649,0.073096,0.001088,-0.082293,0.293524,-0.455485,0.154906,0.008515,0.021902
-0.034654,0.072576,0.001121,-0.082541,0.269491,-0.420531,0.143190,0.008437,0.021284
-0.026031,0.070888,0.001153,-0.090044,0.263278,-0.410803,0.137206,0.009340,0.021854
-0.020880,0.070754,0.001186,-0.087136,0.241762,-0.379194,0.126264,0.008236,0.020488
-0.012936,0.069548,0.001213,-0.091348,0.235922,-0.367610,0.119312,0.008236,0.020919
-0.006939,0.069301,0.001244,-0.088429,0.217034,-0.338002,0.109277,0.007185,0.019926
-0.000162,0.068658,0.001269,-0.089565,0.209791,-0.326110,0.102295,0.008188,0.020674
0.004874,0.069057,0.001293,-0.082966,0.192976,-0.296067,0.091964,0.009219,0.019974
0.011476,0.069451,0.001314,-0.080062,0.187892,-0.283162,0.085220,0.007526,0.021256
0.016294,0.070721,0.001339,-0.069835,0.173348,-0.254162,0.075755,0.006935,0.019577
0.022879,0.071451,0.001355,-0.065220,0.170254,-0.242733,0.067506,0.007802,0.021239
0.026952,0.072203,0.001374,-0.057900,0.155582,-0.218624,0.058595,0.008936,0.020352
0.032878,0.072012,0.001389,-0.057271,0.151452,-0.210434,0.051117,0.009508,0.019950
0.037031,0.071602,0.001408,-0.055650,0.136213,-0.191794,0.043792,0.009149,0.020560
0.042219,0.069951,0.001425,-0.061164,0.130501,-0.184293,0.038647,0.011315,0.020496
0.046163,0.069406,0.001440,-0.060251,0.119050,-0.166607,0.031893,0.010765,0.019004
0.049829,0.066903,0.001452,-0.069404,0.113975,-0.156641,0.027520,0.012133,0.018249
0.052943,0.065111,0.001462,-0.072944,0.105098,-0.137718,0.021068,0.012216,0.018140
0.055561,0.063332,0.001469,-0.078567,0.100904,-0.127761,0.015293,0.011854,0.018599
0.057329,0.061607,0.001477,-0.080338,0.091865,-0.110511,0.010026,0.012115,0.018103
0.059518,0.059777,0.001480,-0.084891,0.089661,-0.100309,0.004346,0.012166,0.018490
0.060919,0.059191,0.001486,-0.080784,0.081138,-0.087041,-0.000351,0.010347,0.016657
0.062834,0.057977,0.001487,-0.082029,0.078003,-0.080693,-0.005336,0.010223,0.017469
0.064698,0.057923,0.001492,-0.075073,0.070488,-0.073030,-0.009893,0.009779,0.017132
0.067227,0.056930,0.001497,-0.075549,0.067960,-0.069280,-0.011984,0.010301,0.018081
0.070105,0.056666,0.001501,-0.070288,0.064030,-0.063644,-0.015181,0.010498,0.016460
0.073157,0.055050,0.001505,-0.073399,0.063804,-0.060869,-0.016873,0.012143,0.017447
0.075574,0.054522,0.001505,-0.069176,0.061476,-0.055158,-0.021561,0.012402,0.016366
0.078641,0.052908,0.001508,-0.072639,0.062474,-0.052252,-0.023479,0.012430,0.017225
0.080935,0.052543,0.001510,-0.067307,0.059426,-0.046315,-0.025460,0.011784,0.017896
0.082972,0.051844,0.001508,-0.066453,0.059774,-0.043762,-0.029037,0.011641,0.018557
0.084830,0.051213,0.001511,-0.062347,0.056214,-0.038599,-0.028856,0.012357,0.017040
0.086375,0.050372,0.001506,-0.062211,0.056987,-0.036582,-0.032968,0.013702,0.016732
0.087383,0.049103,0.001507,-0.061156,0.052897,-0.032563,-0.033177,0.014357,0.016658
0.088541,0.047423,0.001505,-0.064606,0.051541,-0.030465,-0.034947,0.015036,0.017502
0.089021,0.045756,0.001502,-0.065728,0.047476,-0.026884,-0.035996,0.013247,0.015277
0.089513,0.043447,0.001498,-0.071378,0.046550,-0.024181,-0.037788,0.013267,0.015734
0.089834,0.042006,0.001493,-0.070711,0.044210,-0.020418,-0.039021,0.011179,0.016451
0.090439,0.039912,0.001487,-0.074335,0.044625,-0.018306,-0.041144,0.011622,0.016321
0.090981,0.038474,0.001484,-0.072299,0.042082,-0.014919,-0.040302,0.012568,0.017214
0.092000,0.036822,0.001475,-0.073880,0.044614,-0.013461,-0.044061,0.013185,0.017193
0.093031,0.036986,0.001472,-0.064251,0.042489,-0.013795,-0.042694,0.013364,0.016118
0.094355,0.036279,0.001470,-0.062108,0.044533,-0.013276,-0.044485,0.014401,0.016254
0.094773,0.034997,0.001463,-0.060060,0.043870,-0.011311,-0.045522,0.013327,0.015002
0.095515,0.033134,0.001455,-0.063154,0.044873,-0.010772,-0.047670,0.015248,0.016387
0.096573,0.032282,0.001449,-0.059721,0.044468,-0.011145,-0.046905,0.014588,0.016072
0.098524,0.031565,0.001443,-0.057710,0.045947,-0.012851,-0.047928,0.015743,0.017493
0.100569,0.031213,0.001441,-0.052035,0.044617,-0.015437,-0.045519,0.015147,0.017220
0.102340,0.030258,0.001432,-0.051251,0.047619,-0.016346,-0.047842,0.015288,0.017935
0.104232,0.029549,0.001429,-0.048107,0.046270,-0.017080,-0.046154,0.014983,0.017413
0.105803,0.028529,0.001418,-0.048328,0.049277,-0.017466,-0.049425,0.014594,0.017456
0.107289,0.027823,0.001414,-0.045716,0.047662,-0.016909,-0.047389,0.013992,0.017655
0.109234,0.026869,0.001407,-0.045544,0.050598,-0.016509,-0.048707,0.015671,0.017938
0.110038,0.025493,0.001399,-0.044988,0.050412,-0.013281,-0.048465,0.014295,0.016712
0.111043,0.023628,0.001389,-0.048948,0.052065,-0.013235,-0.050714,0.014375,0.017183
0.111586,0.022221,0.001382,-0.048538,0.049438,-0.013315,-0.049736,0.014966,0.016249
0.112134,0.020473,0.001371,-0.051775,0.050097,-0.013186,-0.052301,0.015942,0.016275
0.112730,0.019408,0.001364,-0.049731,0.047486,-0.012804,-0.051277,0.016595,0.017264
0.113078,0.018136,0.001351,-0.050420,0.049159,-0.012968,-0.054744,0.017512,0.018112
0.113674,0.017326,0.001345,-0.046281,0.046507,-0.012748,-0.052261,0.017167,0.017731
0.114185,0.016282,0.001330,-0.046181,0.048547,-0.013300,-0.056472,0.016850,0.018781
0.114968,0.015482,0.001324,-0.043236,0.046852,-0.011996,-0.053980,0.015133,0.016549
0.115860,0.014367,0.001313,-0.043784,0.048399,-0.012235,-0.055932,0.015344,0.016646
0.115970,0.012836,0.001304,-0.043373,0.047168,-0.010460,-0.055137,0.015709,0.017710
0.116355,0.010883,0.001292,-0.047405,0.049124,-0.008974,-0.057516,0.016811,0.018556
0.117128,0.010033,0.001282,-0.044941,0.048972,-0.010135,-0.057169,0.016295,0.018161
0.118723,0.009160,0.001272,-0.044402,0.051549,-0.010523,-0.057884,0.018048,0.018592
0.120418,0.008528,0.001266,-0.040951,0.051311,-0.011551,-0.055046,0.018297,0.016752
0.121883,0.007606,0.001253,-0.040568,0.053847,-0.014431,-0.057534,0.019882,0.017984
0.123666,0.006921,0.001248,-0.037732,0.051513,-0.016592,-0.054237,0.020083,0.018005
0.124868,0.005418,0.001234,-0.039570,0.054859,-0.018441,-0.058276,0.020313,0.018650
0.126274,0.004429,0.001227,-0.037841,0.053942,-0.016647,-0.056165,0.017971,0.017962
0.127330,0.003263,0.001215,-0.039323,0.055956,-0.017211,-0.058806,0.017798,0.019266
0.128485,0.002492,0.001208,-0.035925,0.055312,-0.014896,-0.056492,0.017180,0.018666
0.129336,0.001789,0.001195,-0.035357,0.057238,-0.014614,-0.059473,0.017300,0.019255
0.130282,0.001125,0.001190,-0.032258,0.055838,-0.014067,-0.057877,0.016038,0.018122
0.131048,0.000223,0.001177,-0.032630,0.058435,-0.014223,-0.061501,0.017995,0.018739
0.131756,-0.000396,0.001169,-0.030271,0.056322,-0.013687,-0.059834,0.019036,0.019078
0.132477,-0.001195,0.001155,-0.030230,0.058976,-0.014179,-0.063815,0.021412,0.020112
0.133370,-0.001759,0.001148,-0.027817,0.056111,-0.015499,-0.060894,0.021584,0.019122
0.133972,-0.003092,0.001135,-0.030189,0.057111,-0.016238,-0.063511,0.022014,0.019474
0.134491,-0.003953,0.001128,-0.028896,0.054988,-0.014922,-0.061092,0.018826,0.019251
0.135234,-0.005247,0.001115,-0.031177,0.057136,-0.015657,-0.064574,0.018387,0.020688
0.135790,-0.006543,0.001106,-0.032417,0.057493,-0.012229,-0.063394,0.017379,0.019179
0.136427,-0.007818,0.001093,-0.034096,0.058696,-0.014732,-0.066098,0.019597,0.019601
0.136838,-0.009130,0.001086,-0.033891,0.055052,-0.015864,-0.063453,0.020553,0.018402
0.137938,-0.010740,0.001074,-0.037646,0.059745,-0.013442,-0.066179,0.022706,0.020362
0.139088,-0.011859,0.001066,-0.037321,0.059027,-0.012628,-0.064600,0.021723,0.019097
0.140334,-0.012638,0.001054,-0.037029,0.062578,-0.014281,-0.068035,0.022419,0.020053
0.141691,-0.013092,0.001048,-0.032808,0.059983,-0.015237,-0.064511,0.020574,0.020896
0.143601,-0.013659,0.001037,-0.030817,0.063147,-0.016949,-0.066618,0.020749,0.022188
0.145015,-0.014197,0.001030,-0.027869,0.060487,-0.019731,-0.064553,0.020140,0.019751
0.146955,-0.014637,0.001019,-0.026008,0.063172,-0.022297,-0.067259,0.020860,0.020458
0.148964,-0.014379,0.001013,-0.021101,0.062649,-0.022048,-0.064915,0.020670,0.020133
0.151217,-0.014162,0.001003,-0.017043,0.065468,-0.023585,-0.066719,0.023322,0.021788
0.152447,-0.015172,0.000997,-0.017612,0.063482,-0.021418,-0.064303,0.024008,0.021272
0.153341,-0.016183,0.000985,-0.019583,0.065855,-0.021697,-0.068411,0.025089,0.022292
0.154168,-0.017326,0.000978,-0.021364,0.064516,-0.018826,-0.066940,0.021974,0.021743
0.154833,-0.018170,0.000965,-0.022230,0.067245,-0.016871,-0.070883,0.021942,0.021398
0.155483,-0.019044,0.000958,-0.021855,0.064954,-0.016030,-0.068483,0.020782,0.020499
0.156157,-0.020158,0.000946,-0.023830,0.066818,-0.016664,-0.072181,0.022589,0.020835
0.156757,-0.021106,0.000939,-0.023474,0.063963,-0.016693,-0.070389,0.023135,0.021880
0.157597,-0.022077,0.000928,-0.024958,0.065967,-0.018062,-0.073209,0.024655,0.022410
0.158568,-0.022636,0.000924,-0.022843,0.063672,-0.017005,-0.070540,0.025158,0.022052
0.159517,-0.023394,0.000912,-0.023226,0.066622,-0.017946,-0.074204,0.025341,0.023410
0.160317,-0.023734,0.000906,-0.020752,0.064378,-0.017060,-0.071729,0.024158,0.022817
0.161321,-0.024113,0.000894,-0.019245,0.067538,-0.017279,-0.075674,0.024872,0.023739
0.162171,-0.024695,0.000888,-0.018703,0.065600,-0.016324,-0.072931,0.023745,0.021851
0.163390,-0.025247,0.000876,-0.018031,0.069559,-0.016291,-0.076233,0.025577,0.022997
0.164375,-0.026007,0.000870,-0.017727,0.068503,-0.015798,-0.073964,0.023940,0.021374
0.165469,-0.026910,0.000859,-0.019408,0.070697,-0.017179,-0.076841,0.025610,0.021939
0.166774,-0.027736,0.000853,-0.019438,0.068802,-0.016774,-0.074183,0.023570,0.022960
0.167942,-0.028470,0.000842,-0.020377,0.070338,-0.020709,-0.077407,0.024501,0.024013
0.169377,-0.028941,0.000838,-0.018063,0.067872,-0.018578,-0.073260,0.025800,0.022960
0.170359,-0.029623,0.000826,-0.018451,0.069686,-0.022133,-0.077077,0.027622,0.024101
0.171739,-0.030124,0.000821,-0.017634,0.067746,-0.021024,-0.074500,0.025951,0.023460
0.172836,-0.030735,0.000810,-0.017833,0.070911,-0.020460,-0.077787,0.026893,0.024513
0.174041,-0.031341,0.000805,-0.017065,0.069393,-0.018396,-0.075009,0.024364,0.023294
0.175155,-0.032157,0.000794,-0.018154,0.072601,-0.018774,-0.078739,0.024794,0.024568
0.175701,-0.032304,0.000787,-0.014295,0.069806,-0.017815,-0.076891,0.024903,0.024621
0.176746,-0.032846,0.000777,-0.015087,0.072618,-0.018310,-0.079936,0.027158,0.025817
0.177493,-0.033218,0.000770,-0.012642,0.070660,-0.017909,-0.078888,0.027104,0.024260
0.178548,-0.033790,0.000759,-0.013275,0.074321,-0.017518,-0.082100,0.026966,0.026529
0.179542,-0.034437,0.000754,-0.012933,0.070529,-0.019799,-0.078705,0.026642,0.025110
0.180376,-0.034861,0.000742,-0.012864,0.074295,-0.019481,-0.083153,0.027626,0.026243
0.181472,-0.035379,0.000737,-0.012766,0.071825,-0.019520,-0.080247,0.026430,0.025600
0.182800,-0.035782,0.000726,-0.012325,0.076269,-0.018596,-0.083954,0.027821,0.027630
0.183970,-0.036239,0.000721,-0.011932,0.073611,-0.019144,-0.081225,0.026352,0.025603
0.185224,-0.036795,0.000711,-0.012082,0.076852,-0.019269,-0.084259,0.027593,0.026864
0.186437,-0.037473,0.000706,-0.012181,0.075314,-0.018248,-0.081470,0.027695,0.026682
0.187617,-0.038383,0.000695,-0.014360,0.078760,-0.019823,-0.085403,0.028423,0.026405
0.188368,-0.038771,0.000691,-0.012587,0.075714,-0.018373,-0.081847,0.027322,0.026347
0.189266,-0.039209,0.000680,-0.012001,0.078632,-0.019716,-0.086574,0.028939,0.028289
0.190071,-0.039902,0.000675,-0.012264,0.074669,-0.019123,-0.082911,0.028837,0.026742
0.190801,-0.040313,0.000664,-0.011723,0.077670,-0.020168,-0.087270,0.030753,0.028629
0.191700,-0.040887,0.000660,-0.011674,0.074185,-0.018862,-0.083129,0.029439,0.027296
0.192542,-0.041267,0.000649,-0.011546,0.076276,-0.020839,-0.086755,0.030612,0.028008
0.193557,-0.041600,0.000643,-0.010194,0.074518,-0.021223,-0.084903,0.028794,0.027445
0.194739,-0.042202,0.000632,-0.011317,0.078130,-0.020847,-0.088638,0.029908,0.029299
0.195707,-0.042599,0.000629,-0.010081,0.075304,-0.020367,-0.085135,0.030483,0.028782
0.196771,-0.043138,0.000618,-0.010778,0.079123,-0.020326,-0.089378,0.031787,0.029371
0.197885,-0.043559,0.000613,-0.009468,0.076744,-0.018923,-0.086620,0.030340,0.028133
0.199110,-0.044193,0.000602,-0.010199,0.080882,-0.019816,-0.091218,0.030672,0.029245
0.200197,-0.044884,0.000597,-0.010833,0.078387,-0.019382,-0.087670,0.029409,0.028216
0.201446,-0.045539,0.000587,-0.011909,0.081694,-0.020057,-0.091266,0.031318,0.029966
0.202367,-0.046169,0.000582,-0.011505,0.079358,-0.019710,-0.088866,0.032329,0.030216
0.203544,-0.046727,0.000571,-0.011699,0.081974,-0.022460,-0.092868,0.033041,0.030959
0.204927,-0.047441,0.000569,-0.012113,0.079915,-0.019171,-0.087646,0.031215,0.029825
0.205723,-0.047938,0.000557,-0.012502,0.082467,-0.023157,-0.093168,0.032694,0.030568
0.206949,-0.048239,0.000553,-0.010180,0.080337,-0.020926,-0.088943,0.030947,0.029572
0.208124,-0.048757,0.000542,-0.010813,0.084761,-0.020927,-0.094145,0.033057,0.031612
0.209221,-0.049083,0.000537,-0.009489,0.082301,-0.019726,-0.090822,0.031493,0.030480
0.210061,-0.049686,0.000527,-0.010549,0.085609,-0.018973,-0.094913,0.033211,0.031744
0.210655,-0.050011,0.000522,-0.009520,0.081495,-0.020326,-0.091470,0.031846,0.031419
0.211344,-0.050423,0.000512,-0.009518,0.084299,-0.019539,-0.095388,0.033289,0.032736
0.212069,-0.050827,0.000508,-0.008776,0.080433,-0.020451,-0.091300,0.033265,0.031769
0.212854,-0.051142,0.000498,-0.008140,0.084116,-0.020655,-0.096080,0.034543,0.033577
0.213345,-0.051579,0.000493,-0.007749,0.079860,-0.021396,-0.092184,0.032622,0.032342
0.214365,-0.051777,0.000482,-0.006636,0.083733,-0.021849,-0.096954,0.034080,0.033845
0.215274,-0.052110,0.000478,-0.006132,0.080933,-0.020465,-0.093592,0.032802,0.032972
0.216168,-0.052017,0.000468,-0.004348,0.084305,-0.020818,-0.097791,0.034781,0.034100
0.217234,-0.052074,0.000462,-0.002521,0.083324,-0.019074,-0.095525,0.033679,0.034470
0.218121,-0.052363,0.000453,-0.003048,0.086461,-0.019557,-0.099069,0.035383,0.035563
0.219318,-0.052685,0.000449,-0.002973,0.084132,-0.019125,-0.095583,0.033768,0.034471
0.220198,-0.053116,0.000438,-0.003834,0.086783,-0.021883,-0.099766,0.033827,0.036455
0.221456,-0.053368,0.000434,-0.002664,0.085250,-0.020169,-0.095996,0.034007,0.034115
0.222545,-0.053802,0.000423,-0.003211,0.088940,-0.022305,-0.100620,0.036078,0.036435
0.223710,-0.054256,0.000419,-0.003656,0.086439,-0.022268,-0.097021,0.035074,0.035620
0.224764,-0.054655,0.000409,-0.004478,0.089861,-0.022505,-0.101152,0.036868,0.037225
0.225617,-0.055200,0.000404,-0.004611,0.086532,-0.023258,-0.098196,0.034227,0.035608
0.226638,-0.055629,0.000395,-0.005557,0.089824,-0.022357,-0.101205,0.035944,0.036695
0.227803,-0.056031,0.000391,-0.004674,0.087009,-0.021476,-0.097443,0.034956,0.036469
0.228647,-0.056202,0.000380,-0.004116,0.091763,-0.020673,-0.102908,0.036879,0.038121
0.229551,-0.056662,0.000376,-0.004425,0.088174,-0.019969,-0.099078,0.035609,0.036369
0.230593,-0.056990,0.000365,-0.004249,0.092049,-0.020911,-0.104033,0.036456,0.038107
0.231340,-0.057271,0.000361,-0.003438,0.087962,-0.021155,-0.100284,0.035947,0.037686
0.231951,-0.057755,0.000351,-0.003981,0.090616,-0.022474,-0.104732,0.037551,0.039222
0.232674,-0.058182,0.000346,-0.004741,0.086660,-0.022188,-0.101016,0.035620,0.038149
0.233494,-0.058538,0.000336,-0.004814,0.090124,-0.023960,-0.105992,0.037750,0.039394
0.234071,-0.058735,0.000331,-0.003193,0.087579,-0.021435,-0.103125,0.035993,0.037813
0.234673,-0.059102,0.000321,-0.004272,0.090755,-0.022439,-0.107826,0.038179,0.039820
0.235543,-0.059402,0.000318,-0.003015,0.087382,-0.019330,-0.102832,0.036023,0.038668
0.236277,-0.059732,0.000307,-0.003738,0.091712,-0.020858,-0.107876,0.038159,0.040448
0.237314,-0.060054,0.000303,-0.002815,0.090131,-0.019135,-0.103797,0.036876,0.039156
0.238189,-0.060307,0.000293,-0.002690,0.093757,-0.020323,-0.108094,0.037930,0.041095
0.239242,-0.060774,0.000288,-0.003027,0.091156,-0.020137,-0.104130,0.038203,0.039545
0.240175,-0.061309,0.000278,-0.004268,0.094744,-0.022363,-0.108309,0.038984,0.040796
0.241000,-0.061816,0.000274,-0.004531,0.091567,-0.021783,-0.104337,0.038527,0.040007
0.241998,-0.062243,0.000263,-0.004611,0.094903,-0.024180,-0.109624,0.039610,0.042138
0.243174,-0.062599,0.000260,-0.004902,0.091842,-0.023365,-0.104475,0.038292,0.041512
0.244471,-0.062920,0.000249,-0.004654,0.095571,-0.024561,-0.109474,0.040106,0.042892
0.245364,-0.063278,0.000245,-0.004491,0.092209,-0.024035,-0.105727,0.038517,0.041828
0.246076,-0.063341,0.000235,-0.002895,0.095358,-0.023786,-0.110389,0.040278,0.043739
0.246729,-0.063532,0.000230,-0.001761,0.091784,-0.023188,-0.107025,0.038073,0.042537
0.247982,-0.063589,0.000221,-0.001070,0.096036,-0.022023,-0.110571,0.040668,0.044886
0.248667,-0.064011,0.000216,-0.001641,0.092751,-0.022226,-0.107649,0.039329,0.043004
0.249650,-0.064017,0.000206,-0.000645,0.097785,-0.019413,-0.111653,0.041427,0.044462
0.249881,-0.064359,0.000201,-0.000982,0.092451,-0.023364,-0.108546,0.039021,0.044220
0.251064,-0.064493,0.000192,-0.000202,0.097414,-0.022167,-0.112498,0.041398,0.045985
0.251654,-0.064738,0.000187,-0.000143,0.093903,-0.022711,-0.109005,0.039958,0.044537
0.252658,-0.064966,0.000177,0.000167,0.098637,-0.022607,-0.113395,0.041605,0.045474
0.253366,-0.065244,0.000172,-0.000008,0.095870,-0.022206,-0.109838,0.038966,0.044905
0.254180,-0.065333,0.000161,0.001023,0.099876,-0.022525,-0.115060,0.041248,0.046954
0.254871,-0.065527,0.000157,0.001148,0.096344,-0.020406,-0.110906,0.041383,0.045988
0.255737,-0.065528,0.000147,0.002373,0.099274,-0.023801,-0.115895,0.042372,0.047900
0.256760,-0.065397,0.000143,0.001032,0.096727,-0.022374,-0.111550,0.040189,0.046873
0.257420,-0.064808,0.000132,0.002036,0.099882,-0.024969,-0.116124,0.042363,0.048604
0.258252,-0.064519,0.000128,0.002849,0.095734,-0.024007,-0.112257,0.041027,0.047897
0.259210,-0.064389,0.000117,0.003184,0.099870,-0.024584,-0.117058,0.043248,0.050236
0.259949,-0.064787,0.000113,0.003123,0.096058,-0.024289,-0.112789,0.041871,0.048494
0.260449,-0.066384,0.000103,0.000931,0.099684,-0.024018,-0.117756,0.042807,0.050839
0.261094,-0.066795,0.000099,0.000906,0.095390,-0.024203,-0.113354,0.042056,0.048299
0.261569,-0.068093,0.000088,-0.000636,0.099818,-0.023701,-0.118047,0.043508,0.050194
0.262087,-0.068715,0.000084,-0.000979,0.096836,-0.022305,-0.113992,0.042016,0.048577
0.262896,-0.069086,0.000074,-0.001150,0.101387,-0.021414,-0.118341,0.043284,0.050877
0.263302,-0.069843,0.000069,-0.001807,0.097774,-0.021722,-0.114950,0.042206,0.049609
0.263889,-0.070136,0.000058,-0.002070,0.101820,-0.021821,-0.119668,0.043192,0.052061
0.264410,-0.069217,0.000053,-0.000384,0.099500,-0.019504,-0.115853,0.041461,0.050361
0.265121,-0.069293,0.000042,-0.000265,0.103824,-0.021107,-0.121664,0.042843,0.052114
0.265663,-0.069398,0.000038,0.000800,0.099502,-0.022291,-0.116686,0.043114,0.050745
0.266561,-0.069505,0.000027,0.001208,0.103939,-0.023332,-0.121411,0.044424,0.052504
0.267498,-0.069732,0.000023,0.001220,0.100354,-0.023993,-0.116841,0.043837,0.051200
0.268180,-0.069697,0.000012,0.000585,0.103805,-0.025516,-0.121505,0.044315,0.053695
0.269165,-0.069790,0.000008,0.000912,0.099076,-0.025358,-0.116433,0.044227,0.051988
0.270202,-0.070105,-0.000002,0.000775,0.103735,-0.026081,-0.121339,0.045539,0.054047
0.270900,-0.069736,-0.000007,0.001619,0.100445,-0.025963,-0.117289,0.044034,0.052636
0.271292,-0.070280,-0.000018,0.001103,0.104384,-0.024301,-0.122676,0.045516,0.054974
0.272349,-0.070756,-0.000022,0.000782,0.101069,-0.023000,-0.117571,0.045303,0.052629
0.272777,-0.070638,-0.000034,0.001233,0.104932,-0.024712,-0.123610,0.046048,0.054561
0.273082,-0.070791,-0.000038,0.001347,0.100966,-0.023115,-0.118885,0.044545,0.053941
0.273915,-0.070781,-0.001044,0.001614,0.103606,-0.025242,-0.122888,0.045451,0.056438
0.275016,-0.071329,-0.001148,0.001078,0.100829,-0.024740,-0.118527,0.045350,0.054232
0.275862,-0.071729,-0.001386,0.003407,0.104352,-0.027272,-0.123288,0.047421,0.056878
0.276764,-0.071667,-0.001494,0.001046,0.102348,-0.024694,-0.119469,0.045684,0.054911
0.277175,-0.071514,-0.001727,0.001490,0.106016,-0.024635,-0.124763,0.046907,0.058437
0.277729,-0.071457,-0.001832,0.001969,0.102561,-0.023837,-0.120460,0.046335,0.056459
0.278502,-0.072319,-0.002053,0.000858,0.106676,-0.023572,-0.124873,0.047280,0.058791
0.278958,-0.072181,-0.002168,0.001611,0.103220,-0.023991,-0.120976,0.045306,0.056923
0.279799,-0.072728,-0.002384,0.000944,0.107354,-0.021565,-0.124607,0.046394,0.059778
0.279924,-0.073312,-0.002459,0.000438,0.100195,-0.025084,-0.118540,0.045517,0.057707
0.280819,-0.073195,-0.002684,0.001033,0.103980,-0.025400,-0.122259,0.047890,0.060466
0.281516,-0.074077,-0.002764,0.000069,0.099005,-0.025003,-0.116962,0.044683,0.058328
0.282029,-0.072749,-0.003013,0.002218,0.101583,-0.028027,-0.122554,0.047437,0.060838
0.282636,-0.073286,-0.003091,0.001419,0.098436,-0.024871,-0.117423,0.046151,0.058895
0.283043,-0.072589,-0.003353,0.002676,0.102821,-0.026461,-0.123812,0.048283,0.061482
0.283458,-0.073222,-0.003479,0.002081,0.101432,-0.022393,-0.121072,0.045598,0.059712
0.284072,-0.073322,-0.003698,0.002217,0.104386,-0.024205,-0.125512,0.048340,0.061129
0.284357,-0.073519,-0.003807,0.002300,0.101971,-0.020513,-0.121412,0.046811,0.059561
0.285077,-0.074416,-0.004012,0.001107,0.103647,-0.024381,-0.124688,0.048062,0.061632
0.285607,-0.074007,-0.004135,0.002107,0.101516,-0.023523,-0.120901,0.047030,0.059767
0.285803,-0.074175,-0.004396,0.001993,0.106223,-0.023998,-0.127174,0.049072,0.062952
0.286482,-0.073978,-0.004460,0.002620,0.101010,-0.023284,-0.120997,0.046743,0.061196
0.286742,-0.073755,-0.004717,0.003061,0.105100,-0.024815,-0.126778,0.048156,0.063711
0.287082,-0.073844,-0.004771,0.003188,0.098846,-0.024769,-0.120148,0.047112,0.062247
0.287624,-0.073692,-0.005033,0.003538,0.103344,-0.025294,-0.126388,0.048449,0.064548
0.288030,-0.074264,-0.005138,0.002814,0.099558,-0.025079,-0.121323,0.047004,0.062564
0.288812,-0.074373,-0.005327,0.002742,0.102185,-0.025416,-0.124027,0.048483,0.065142
0.289319,-0.074634,-0.005453,0.002780,0.100012,-0.022110,-0.121024,0.047844,0.062853
0.289823,-0.074943,-0.005655,0.002615,0.101673,-0.023955,-0.124973,0.049396,0.065607
0.290065,-0.074648,-0.005788,0.003310,0.099096,-0.024506,-0.121564,0.048581,0.064009
0.290757,-0.074642,-0.006057,0.003294,0.104716,-0.024618,-0.127908,0.050365,0.066748
0.291602,-0.074441,-0.006114,0.003822,0.098930,-0.025054,-0.121583,0.048358,0.065192
0.291932,-0.074983,-0.006383,0.003131,0.104763,-0.024673,-0.127883,0.050189,0.067658
0.292631,-0.075154,-0.006436,0.003230,0.099166,-0.025006,-0.121210,0.048010,0.065772
0.293293,-0.075664,-0.006708,0.002565,0.105839,-0.023714,-0.127535,0.049978,0.068032
0.293171,-0.076417,-0.006849,0.001747,0.103323,-0.023839,-0.124939,0.049091,0.065530
0.293735,-0.076057,-0.007024,0.002410,0.105170,-0.023265,-0.127331,0.050635,0.068102
0.294001,-0.075798,-0.007150,0.003080,0.101646,-0.023735,-0.123464,0.048528,0.066309
0.294299,-0.075625,-0.007322,0.003386,0.102778,-0.023989,-0.125910,0.051694,0.068986
0.294475,-0.075706,-0.007461,0.003363,0.100216,-0.023465,-0.123168,0.048741,0.066918
0.295201,-0.074957,-0.007619,0.004652,0.100815,-0.024514,-0.124218,0.050331,0.069592
0.295395,-0.075647,-0.007757,0.003507,0.098246,-0.023942,-0.121420,0.049643,0.067651
0.295368,-0.075325,-0.008038,0.004127,0.103288,-0.025132,-0.128469,0.051418,0.070209
0.295846,-0.075378,-0.008070,0.004235,0.096417,-0.024629,-0.121362,0.049409,0.067630
0.295972,-0.076145,-0.008356,0.003158,0.102750,-0.025174,-0.128380,0.050244,0.070165
0.296346,-0.076049,-0.008371,0.003689,0.097031,-0.021722,-0.120086,0.048797,0.067772
0.296053,-0.076657,-0.008660,0.002792,0.100948,-0.024398,-0.128018,0.051240,0.070703
0.296796,-0.076602,-0.008817,0.003156,0.101417,-0.023177,-0.125390,0.049397,0.068955
0.296860,-0.076903,-0.008979,0.002740,0.101807,-0.024172,-0.127751,0.052170,0.071406
0.297656,-0.076989,-0.009124,0.002917,0.101567,-0.021704,-0.124599,0.050024,0.069185
0.297791,-0.077015,-0.009277,0.002988,0.101226,-0.023886,-0.126091,0.052048,0.072025
0.297902,-0.077180,-0.009429,0.002881,0.100313,-0.022294,-0.123862,0.049727,0.069893
0.298235,-0.076871,-0.009728,0.003454,0.106805,-0.023177,-0.131640,0.051764,0.073315
0.298288,-0.076969,-0.009731,0.003356,0.098469,-0.022898,-0.123494,0.050253,0.071720
0.298869,-0.076042,-0.010027,0.004951,0.104552,-0.024551,-0.130604,0.051309,0.075287
0.298545,-0.076647,-0.010027,0.004115,0.095270,-0.025717,-0.122288,0.049631,0.072247
0.299229,-0.077087,-0.010314,0.003593,0.102194,-0.025044,-0.128812,0.051609,0.075599
0.299361,-0.077256,-0.010475,0.003565,0.100919,-0.024522,-0.127246,0.050166,0.072795
0.299916,-0.077915,-0.010600,0.002582,0.100828,-0.024596,-0.127032,0.052733,0.075378
0.299890,-0.077876,-0.010752,0.002935,0.099308,-0.023975,-0.124698,0.050973,0.073469
0.300000,-0.078035,-0.010816,0.002032,0.099573,-0.026356,-0.122813,0.052989,0.075923
0.300000,-0.078673,-0.010979,0.001496,0.097385,-0.026354,-0.121197,0.051193,0.073298
0.300000,-0.078963,-0.011219,-0.000011,0.106588,-0.029529,-0.127246,0.053800,0.075420
0.300000,-0.077803,-0.011161,0.001164,0.100224,-0.029692,-0.117976,0.051813,0.073273
0.300000,-0.076704,-0.011383,0.001581,0.109233,-0.033119,-0.123897,0.052628,0.076155
0.300000,-0.076519,-0.011385,0.002248,0.099984,-0.031780,-0.116882,0.051717,0.073683
0.300000,-0.076686,-0.011648,0.001452,0.107590,-0.032988,-0.124263,0.053386,0.077129
0.300000,-0.076870,-0.011785,0.001050,0.107346,-0.031616,-0.123448,0.051064,0.075136
0.300000,-0.077589,-0.011921,0.000552,0.105122,-0.030033,-0.124793,0.053988,0.077260
0.300000,-0.077631,-0.012001,0.000004,0.104173,-0.030223,-0.121191,0.051796,0.074831
0.300000,-0.077955,-0.012136,0.000080,0.100321,-0.030050,-0.122185,0.053751,0.077379
0.300000,-0.077208,-0.012240,0.000705,0.099883,-0.030500,-0.119990,0.051446,0.074790
0.300000,-0.076723,-0.012478,0.000628,0.106751,-0.036428,-0.126977,0.054066,0.078429
0.300000,-0.077204,-0.012408,-0.000301,0.098400,-0.034635,-0.117036,0.051475,0.076049
0.300000,-0.076116,-0.012600,-0.000078,0.107922,-0.038307,-0.123157,0.052956,0.079788
0.300000,-0.077334,-0.012580,-0.001143,0.097551,-0.033221,-0.114803,0.051403,0.076421
0.300000,-0.077447,-0.012821,-0.002013,0.106402,-0.034445,-0.122571,0.053400,0.079930
0.300000,-0.077051,-0.012909,-0.001861,0.105884,-0.034735,-0.120421,0.051173,0.076937
0.300000,-0.077317,-0.012948,-0.003159,0.107128,-0.036421,-0.120383,0.053718,0.079942
0.300000,-0.075602,-0.013045,-0.003759,0.106452,-0.037775,-0.118362,0.051749,0.077454
0.300000,-0.075463,-0.013093,-0.004567,0.105589,-0.037499,-0.118209,0.053651,0.081329
0.300000,-0.074682,-0.013139,-0.004661,0.106041,-0.042645,-0.115643,0.052021,0.078366
0.300000,-0.074038,-0.013360,-0.004643,0.115809,-0.041885,-0.123009,0.054011,0.081726
0.300000,-0.074552,-0.013343,-0.004270,0.102421,-0.040931,-0.115785,0.052125,0.079778
0.300000,-0.073809,-0.013530,-0.004328,0.112073,-0.041448,-0.122564,0.053252,0.081906
0.300000,-0.074326,-0.013474,-0.004557,0.099948,-0.038435,-0.113844,0.051363,0.078300
0.300000,-0.073905,-0.013676,-0.005684,0.108578,-0.039891,-0.120835,0.053766,0.081640
0.300000,-0.073471,-0.013730,-0.006817,0.109106,-0.041966,-0.118390,0.052201,0.079252
0.300000,-0.073295,-0.013778,-0.006230,0.106977,-0.041464,-0.118292,0.054705,0.081986
0.300000,-0.072740,-0.013848,-0.004369,0.106764,-0.040887,-0.116161,0.052557,0.079436
0.300000,-0.073745,-0.014041,-0.004138,0.101481,-0.035717,-0.119393,0.055262,0.081992
0.300000,-0.072463,-0.013997,-0.004459,0.105185,-0.039279,-0.115554,0.053439,0.079998
0.300000,-0.072460,-0.014241,-0.006606,0.112679,-0.043200,-0.123918,0.055189,0.082106
0.300000,-0.072802,-0.014165,-0.006955,0.103677,-0.039589,-0.115268,0.053118,0.079505
0.300000,-0.072599,-0.014378,-0.008584,0.112971,-0.042951,-0.123053,0.053985,0.083453
0.300000,-0.072984,-0.014276,-0.010508,0.104571,-0.040544,-0.113902,0.053600,0.080432
0.300000,-0.072776,-0.014510,-0.010501,0.111853,-0.042845,-0.121423,0.054687,0.084541
0.300000,-0.072350,-0.014570,-0.009537,0.112091,-0.041997,-0.119734,0.052521,0.081078
0.300000,-0.072573,-0.014667,-0.008433,0.107787,-0.040891,-0.120632,0.055795,0.084077
0.300000,-0.072154,-0.014736,-0.007440,0.106964,-0.039128,-0.118284,0.053524,0.081248
0.300000,-0.071618,-0.014749,-0.005173,0.104433,-0.038644,-0.117027,0.054413,0.085045
0.300000,-0.072061,-0.014898,-0.004561,0.101798,-0.036986,-0.117194,0.052912,0.081831
0.300000,-0.071976,-0.015084,-0.007626,0.110590,-0.041639,-0.123749,0.055075,0.083609
0.300000,-0.073309,-0.015098,-0.008914,0.098255,-0.035650,-0.117111,0.051962,0.080000
0.300000,-0.073401,-0.015329,-0.011615,0.107252,-0.038603,-0.124797,0.055138,0.082098
0.300000,-0.074319,-0.015329,-0.009487,0.093776,-0.032424,-0.117270,0.052638,0.079619
0.300000,-0.074844,-0.015642,-0.010362,0.101802,-0.030736,-0.126208,0.055048,0.081698
0.300000,-0.074642,-0.015676,-0.013138,0.105856,-0.032889,-0.124328,0.053908,0.079308
0.300000,-0.075917,-0.015868,-0.012992,0.102050,-0.026530,-0.126226,0.055889,0.081997
0.300000,-0.075760,-0.015934,-0.013148,0.103361,-0.028205,-0.123970,0.053002,0.079876
0.300000,-0.076633,-0.016061,-0.012712,0.098121,-0.025983,-0.124162,0.055213,0.083074
0.300000,-0.076674,-0.016215,-0.010494,0.098133,-0.025146,-0.123452,0.053309,0.080742
0.300000,-0.076432,-0.016441,-0.011464,0.107632,-0.028565,-0.130780,0.055404,0.083515
0.300000,-0.077099,-0.016445,-0.008468,0.095464,-0.024179,-0.121692,0.052947,0.081857
0.300000,-0.076754,-0.016682,-0.008545,0.103684,-0.028277,-0.129706,0.054722,0.084770
0.300000,-0.077869,-0.016714,-0.006658,0.089448,-0.023700,-0.120900,0.053307,0.082108
0.300000,-0.077825,-0.016988,-0.007553,0.098585,-0.025037,-0.129175,0.054881,0.085437
0.300000,-0.077500,-0.017087,-0.007372,0.101209,-0.026171,-0.128138,0.054207,0.081422
0.300000,-0.079265,-0.017370,-0.006639,0.095715,-0.017621,-0.130965,0.056149,0.084498
0.300000,-0.079728,-0.017516,-0.006746,0.093653,-0.018657,-0.129116,0.054041,0.081876
0.300000,-0.081148,-0.017717,-0.006825,0.087866,-0.011766,-0.129688,0.056952,0.084398
0.300000,-0.081113,-0.017854,-0.006231,0.089603,-0.014247,-0.128244,0.054809,0.081397
0.300000,-0.081427,-0.018205,-0.006327,0.099576,-0.013695,-0.137689,0.056643,0.084447
0.300000,-0.083256,-0.018317,-0.005829,0.085837,-0.008535,-0.129344,0.055109,0.080787
0.300000,-0.083718,-0.018647,-0.007438,0.095265,-0.009194,-0.137986,0.056553,0.083810
0.300000,-0.084646,-0.018674,-0.005006,0.083956,-0.007565,-0.127617,0.054625,0.080617
0.300000,-0.085292,-0.019035,-0.006662,0.093141,-0.007200,-0.136467,0.056520,0.083593
0.300000,-0.085372,-0.019248,-0.005212,0.096399,-0.009081,-0.136240,0.054948,0.080725
0.300000,-0.086541,-0.019467,-0.003424,0.088954,-0.006730,-0.136007,0.057107,0.084209
0.300000,-0.086614,-0.019623,-0.002757,0.090379,-0.007613,-0.132876,0.054766,0.081120
0.300000,-0.089368,-0.020074,-0.000697,0.080662,0.002472,-0.136140,0.056798,0.084199
0.300000,-0.090187,-0.020317,-0.001671,0.081976,0.001811,-0.134794,0.053781,0.080776
0.300000,-0.089771,-0.020608,-0.001085,0.092692,-0.002680,-0.142465,0.055494,0.084024
0.300000,-0.092065,-0.020862,0.001595,0.076601,0.004844,-0.134255,0.053642,0.080950
0.300000,-0.092387,-0.021275,0.002276,0.084438,0.001581,-0.143057,0.055733,0.084708
0.300000,-0.094241,-0.021449,0.005613,0.067433,0.009043,-0.130516,0.053685,0.082386
0.300000,-0.094148,-0.021867,0.007261,0.078218,0.006835,-0.141170,0.056496,0.085805
0.300000,-0.092135,-0.022175,0.005750,0.083810,0.004430,-0.141073,0.053971,0.082882
0.299971,-0.094367,-0.022691,0.007388,0.074069,0.017910,-0.143333,0.055300,0.085886
0.299550,-0.093950,-0.022876,0.008076,0.077026,0.012080,-0.139824,0.054487,0.082330
0.296865,-0.094019,-0.022773,0.007691,0.070610,0.013831,-0.133699,0.056111,0.085432
0.296213,-0.094444,-0.022994,0.006983,0.076183,0.005945,-0.131468,0.053281,0.082077
0.295412,-0.094944,-0.023359,0.006227,0.087893,0.001691,-0.140173,0.055631,0.084819
0.292740,-0.096246,-0.023163,0.004112,0.077214,0.000580,-0.126851,0.053591,0.081136
0.292458,-0.095130,-0.023532,0.005523,0.088049,-0.005272,-0.135574,0.055262,0.084919
0.290399,-0.094371,-0.023302,0.006427,0.075666,-0.006332,-0.120291,0.054079,0.082794
0.289939,-0.093646,-0.023667,0.007266,0.085973,-0.009656,-0.130113,0.056190,0.086176
0.290210,-0.094127,-0.023894,0.006484,0.091151,-0.012018,-0.129168,0.054282,0.082484
0.288318,-0.094288,-0.023845,0.006134,0.084901,-0.012927,-0.126421,0.056253,0.085890
0.288709,-0.094350,-0.024034,0.005642,0.088150,-0.013665,-0.123663,0.054398,0.083025
0.286826,-0.093101,-0.023939,0.007329,0.080015,-0.014559,-0.119250,0.055688,0.087041
0.286654,-0.093026,-0.024140,0.007226,0.082860,-0.015918,-0.118856,0.054177,0.084217
0.286971,-0.092911,-0.024529,0.007300,0.093462,-0.019927,-0.128983,0.056301,0.087602
0.285110,-0.093089,-0.024307,0.006693,0.080495,-0.018119,-0.116277,0.053913,0.084434
0.285675,-0.093477,-0.024693,0.005995,0.090538,-0.022147,-0.126111,0.055824,0.087921
0.283936,-0.093612,-0.024435,0.005739,0.076030,-0.020328,-0.111971,0.053520,0.084991
0.284579,-0.093677,-0.024819,0.005544,0.086155,-0.023291,-0.121653,0.055410,0.088252
0.285033,-0.093325,-0.025000,0.005330,0.093180,-0.022436,-0.123472,0.053708,0.084949
0.283549,-0.093755,-0.024986,0.005094,0.086129,-0.017603,-0.119947,0.055771,0.087838
0.282998,-0.092821,-0.025000,0.005032,0.090101,-0.021460,-0.118822,0.053095,0.084429
0.281319,-0.093328,-0.025000,0.005006,0.081449,-0.016240,-0.114709,0.054392,0.087828
0.281369,-0.092818,-0.025000,0.003821,0.086296,-0.023295,-0.113833,0.052932,0.084665
0.281008,-0.091180,-0.025000,0.003156,0.100835,-0.029365,-0.120699,0.055220,0.087027
0.279942,-0.092894,-0.025000,0.002550,0.084211,-0.024041,-0.109653,0.052960,0.084115
0.279768,-0.091459,-0.025000,0.001879,0.097346,-0.031191,-0.116279,0.055705,0.087492
0.278278,-0.092770,-0.025000,0.002012,0.079324,-0.027012,-0.105953,0.053659,0.084414
0.277756,-0.091132,-0.025000,0.001251,0.093427,-0.032225,-0.114188,0.055385,0.086984
0.277403,-0.089313,-0.025000,0.002138,0.099838,-0.034498,-0.114959,0.053677,0.084056
0.275666,-0.090344,-0.025000,0.001237,0.091490,-0.029830,-0.112692,0.054959,0.086805
0.275642,-0.089341,-0.025000,0.001601,0.093925,-0.031560,-0.111819,0.052214,0.083793
0.273968,-0.089921,-0.025000,0.001641,0.083912,-0.026855,-0.108777,0.054560,0.087604
0.273813,-0.089174,-0.025000,0.001082,0.087596,-0.029708,-0.108768,0.052793,0.084752
0.273322,-0.087092,-0.025000,0.001098,0.100170,-0.037245,-0.117461,0.054689,0.087835
0.272152,-0.086809,-0.025000,0.003401,0.083201,-0.028976,-0.106951,0.052526,0.085508
0.271699,-0.084027,-0.025000,0.004513,0.094891,-0.037239,-0.114699,0.055350,0.088886
0.270485,-0.084680,-0.025000,0.005446,0.079247,-0.027126,-0.104870,0.053219,0.086607
0.269761,-0.083847,-0.025000,0.003788,0.091747,-0.034084,-0.113291,0.054619,0.089005
0.270043,-0.083186,-0.025000,0.002902,0.098993,-0.036439,-0.113960,0.053779,0.085173
0.268791,-0.085509,-0.025000,0.000526,0.091245,-0.030988,-0.110337,0.055287,0.087143
0.268795,-0.086061,-0.025000,-0.001285,0.094302,-0.033103,-0.110218,0.053129,0.083472
0.267461,-0.086805,-0.025000,-0.001357,0.085154,-0.026504,-0.106185,0.055604,0.085828
0.267630,-0.085872,-0.025000,-0.001563,0.090333,-0.030197,-0.107324,0.053337,0.083157
0.267615,-0.084299,-0.025000,-0.002171,0.104373,-0.036438,-0.114971,0.055736,0.085482
0.266519,-0.084643,-0.025000,-0.002316,0.086688,-0.031601,-0.105176,0.053972,0.083248
0.266454,-0.082949,-0.025000,-0.002621,0.098812,-0.038152,-0.112416,0.055935,0.086286
0.265198,-0.084421,-0.025000,-0.001880,0.079790,-0.029625,-0.101459,0.053582,0.083481
0.264843,-0.083843,-0.025000,-0.002348,0.092578,-0.036284,-0.109301,0.055559,0.086477
0.264951,-0.081588,-0.025000,-0.002569,0.098584,-0.038243,-0.110508,0.053098,0.083780
0.263503,-0.082197,-0.025000,-0.002178,0.089916,-0.033885,-0.107522,0.054322,0.086870
0.263485,-0.081601,-0.025000,-0.002808,0.092074,-0.034344,-0.106606,0.052460,0.083121
0.261920,-0.082256,-0.025000,-0.001872,0.081045,-0.029013,-0.102968,0.054521,0.086371
0.261527,-0.081090,-0.025000,-0.000685,0.086023,-0.031176,-0.104392,0.051928,0.083122
0.260982,-0.079250,-0.025000,-0.001037,0.099398,-0.036737,-0.113393,0.053496,0.085333
0.260085,-0.081030,-0.025000,-0.003023,0.084755,-0.029840,-0.103591,0.052720,0.082490
0.259914,-0.080087,-0.025000,-0.006784,0.097752,-0.036054,-0.111139,0.054441,0.084953
0.258282,-0.081849,-0.025000,-0.006324,0.078351,-0.029332,-0.101449,0.051981,0.081806
0.258250,-0.080710,-0.025000,-0.009218,0.091491,-0.034549,-0.108249,0.054961,0.083435
0.258103,-0.079988,-0.025000,-0.009794,0.098452,-0.037024,-0.110102,0.052114,0.080370
0.256732,-0.081456,-0.025000,-0.012234,0.089759,-0.031329,-0.106307,0.053410,0.082773
0.256863,-0.081173,-0.025000,-0.013672,0.092603,-0.032299,-0.105334,0.051794,0.079608
0.255549,-0.082156,-0.025000,-0.014196,0.083639,-0.027329,-0.101863,0.054004,0.082063
0.255754,-0.081159,-0.025000,-0.012928,0.088250,-0.030842,-0.102779,0.051860,0.079164
0.255598,-0.079440,-0.025000,-0.012423,0.100895,-0.038035,-0.110180,0.054088,0.082383
0.253935,-0.080745,-0.025000,-0.010055,0.083427,-0.028396,-0.100469,0.052039,0.079487
0.254139,-0.079262,-0.025000,-0.011132,0.094753,-0.038487,-0.108030,0.054430,0.082695
0.251559,-0.080683,-0.025000,-0.007982,0.076002,-0.027030,-0.098579,0.052170,0.078576
0.251166,-0.079206,-0.025000,-0.009029,0.087731,-0.034994,-0.106778,0.054230,0.081688
0.251418,-0.078354,-0.025000,-0.009904,0.096003,-0.035437,-0.107728,0.052293,0.078185
0.249638,-0.079317,-0.025000,-0.009987,0.086911,-0.031101,-0.104691,0.053920,0.082201
0.249407,-0.079039,-0.025000,-0.011783,0.090771,-0.030666,-0.104496,0.052708,0.078849
0.247562,-0.079981,-0.025000,-0.011472,0.080992,-0.025805,-0.102238,0.054098,0.081491
0.247757,-0.079062,-0.025000,-0.010413,0.085830,-0.028690,-0.102351,0.051820,0.078248
0.247621,-0.077826,-0.025000,-0.012597,0.099043,-0.034430,-0.109620,0.054321,0.080654
0.245810,-0.079489,-0.025000,-0.011945,0.082189,-0.024842,-0.100313,0.052725,0.077731
0.245705,-0.078015,-0.025000,-0.012656,0.094425,-0.033324,-0.107674,0.054326,0.079736
0.243815,-0.079682,-0.025000,-0.010864,0.075351,-0.026174,-0.098059,0.052073,0.076325
0.243847,-0.078334,-0.025000,-0.012838,0.089543,-0.030740,-0.104935,0.053985,0.077582
0.243951,-0.077677,-0.025000,-0.013201,0.094171,-0.035508,-0.106099,0.051659,0.074574
0.242147,-0.078986,-0.025000,-0.014848,0.086229,-0.029653,-0.103015,0.054068,0.076305
0.242207,-0.078896,-0.025000,-0.016794,0.089201,-0.030809,-0.102137,0.052220,0.072942
0.240063,-0.079999,-0.025000,-0.015726,0.078743,-0.022780,-0.097966,0.053886,0.075835
0.239807,-0.079420,-0.025000,-0.015753,0.082051,-0.027118,-0.099263,0.051880,0.073326
0.239990,-0.077995,-0.025000,-0.018169,0.097330,-0.032267,-0.106956,0.054906,0.075173
0.238342,-0.079415,-0.025000,-0.015190,0.079957,-0.025593,-0.097294,0.052474,0.073459
0.238802,-0.078041,-0.025000,-0.016989,0.092320,-0.032645,-0.103953,0.054505,0.075687
0.237572,-0.079161,-0.025000,-0.012314,0.073297,-0.026118,-0.092966,0.051756,0.073001
0.237814,-0.077318,-0.025000,-0.011633,0.085469,-0.032317,-0.099744,0.053553,0.075936
0.238520,-0.076235,-0.025000,-0.011186,0.091910,-0.037389,-0.100873,0.050576,0.073158
0.236716,-0.077054,-0.025000,-0.010684,0.083643,-0.032025,-0.098249,0.052409,0.075978
0.236964,-0.076607,-0.025000,-0.011993,0.088441,-0.032599,-0.098334,0.050802,0.072942
0.234453,-0.077985,-0.025000,-0.012563,0.078420,-0.024527,-0.095435,0.053116,0.075251
0.234256,-0.077489,-0.025000,-0.013481,0.083371,-0.026456,-0.096305,0.051088,0.071930
0.233752,-0.076625,-0.025000,-0.017630,0.096703,-0.031878,-0.104798,0.054748,0.073192
0.231414,-0.078338,-0.025000,-0.016207,0.081693,-0.022758,-0.096397,0.052666,0.070971
0.230861,-0.077412,-0.025000,-0.018885,0.092487,-0.028572,-0.103677,0.054316,0.072536
0.228330,-0.079483,-0.025000,-0.016655,0.072047,-0.020138,-0.093043,0.052886,0.069681
0.228079,-0.078198,-0.025000,-0.017964,0.082920,-0.027318,-0.100330,0.054488,0.071724
0.228124,-0.077710,-0.025000,-0.020040,0.090188,-0.030053,-0.101728,0.052822,0.068169
0.225745,-0.079041,-0.025000,-0.019901,0.079504,-0.024779,-0.098342,0.054801,0.070955
0.226149,-0.078287,-0.025000,-0.018893,0.083192,-0.025234,-0.096916,0.052672,0.066736
0.223842,-0.079429,-0.025000,-0.017341,0.071165,-0.022587,-0.094015,0.054305,0.069931
0.223947,-0.078933,-0.025000,-0.018776,0.078391,-0.022655,-0.094005,0.052492,0.066784
0.223863,-0.078221,-0.025000,-0.023253,0.091430,-0.029615,-0.101942,0.054779,0.068275
0.222096,-0.079847,-0.025000,-0.021281,0.076360,-0.020467,-0.092135,0.052917,0.065879
0.222515,-0.078539,-0.025000,-0.022731,0.087237,-0.029332,-0.099014,0.054534,0.067534
0.220968,-0.079874,-0.025000,-0.018698,0.071277,-0.021294,-0.089027,0.052175,0.065796
0.221742,-0.078461,-0.025000,-0.020230,0.082428,-0.030767,-0.095386,0.053876,0.068220
0.222483,-0.077392,-0.025000,-0.019864,0.089401,-0.033753,-0.095876,0.051196,0.064471
0.220497,-0.078208,-0.025000,-0.016981,0.078235,-0.028907,-0.091909,0.053351,0.068047
0.221289,-0.077361,-0.025000,-0.016373,0.082010,-0.030825,-0.090860,0.051195,0.065092
0.219696,-0.078017,-0.025000,-0.013950,0.072835,-0.025377,-0.087199,0.052762,0.068126
0.220263,-0.076536,-0.025000,-0.012227,0.080077,-0.027583,-0.088294,0.051419,0.065102
0.220443,-0.074954,-0.025000,-0.014403,0.094704,-0.031655,-0.095867,0.053153,0.066804
0.218050,-0.077007,-0.025000,-0.013334,0.077991,-0.023030,-0.087059,0.050744,0.064048
0.217716,-0.075741,-0.025000,-0.015212,0.089516,-0.027274,-0.094315,0.052953,0.065634
0.214332,-0.078289,-0.025000,-0.013631,0.068341,-0.019849,-0.085669,0.051063,0.063579
0.213764,-0.078009,-0.025000,-0.019733,0.079906,-0.022630,-0.092288,0.052672,0.064251
0.213364,-0.077149,-0.025000,-0.019614,0.085303,-0.025806,-0.094569,0.050349,0.060732
0.210405,-0.078363,-0.025000,-0.017997,0.074469,-0.020088,-0.092380,0.053312,0.062588
0.210624,-0.078359,-0.025000,-0.020992,0.078441,-0.022492,-0.091802,0.051099,0.059545
0.208257,-0.080034,-0.025000,-0.020892,0.066982,-0.016268,-0.087591,0.052985,0.061682
0.208656,-0.079362,-0.025000,-0.020760,0.071247,-0.020321,-0.087302,0.051669,0.058426
0.208652,-0.078339,-0.025000,-0.023837,0.083074,-0.026556,-0.094016,0.053981,0.060204
0.206529,-0.080660,-0.025000,-0.025393,0.070598,-0.018304,-0.086041,0.051958,0.057585
0.206895,-0.079427,-0.025000,-0.027985,0.083250,-0.024372,-0.092802,0.053562,0.059615
0.204307,-0.081353,-0.025000,-0.023815,0.065411,-0.015652,-0.082954,0.051826,0.057745
0.204569,-0.080327,-0.025000,-0.027429,0.077540,-0.021864,-0.089907,0.053909,0.058076
0.204877,-0.079432,-0.025000,-0.027552,0.084017,-0.026270,-0.091118,0.051722,0.056346
0.201974,-0.081066,-0.025000,-0.027737,0.074860,-0.019498,-0.088306,0.053733,0.057825
0.202774,-0.079986,-0.025000,-0.025714,0.077718,-0.022948,-0.087311,0.051863,0.054499
0.200305,-0.081139,-0.025000,-0.022086,0.065443,-0.016565,-0.082271,0.053484,0.057293
0.201030,-0.079600,-0.025000,-0.019872,0.071088,-0.020667,-0.083113,0.052121,0.055341
0.201890,-0.077424,-0.025000,-0.020040,0.085440,-0.025387,-0.089532,0.053770,0.056689
0.199703,-0.078899,-0.025000,-0.015290,0.069239,-0.018231,-0.080456,0.051328,0.055018
0.200558,-0.077200,-0.025000,-0.016919,0.081234,-0.024691,-0.086849,0.052591,0.056399
0.198649,-0.078800,-0.025000,-0.013360,0.065658,-0.018193,-0.077711,0.051509,0.054793
0.199444,-0.076963,-0.025000,-0.014638,0.077732,-0.024312,-0.084230,0.053063,0.055987
0.200136,-0.075437,-0.025000,-0.012866,0.083473,-0.028966,-0.085544,0.050446,0.053429
0.197188,-0.077430,-0.025000,-0.013346,0.072240,-0.022435,-0.082183,0.052480,0.054932
0.197257,-0.077690,-0.025000,-0.017261,0.074861,-0.023476,-0.081763,0.051433,0.052107
0.194195,-0.079790,-0.025000,-0.017344,0.062469,-0.017178,-0.077978,0.053476,0.054380
0.194195,-0.079631,-0.025000,-0.020539,0.067455,-0.019299,-0.078841,0.051623,0.051284
0.194027,-0.078553,-0.025000,-0.024180,0.079221,-0.024309,-0.086340,0.053211,0.051503
0.191163,-0.080896,-0.025000,-0.022220,0.063486,-0.014645,-0.077139,0.051827,0.050020
0.191423,-0.079819,-0.025000,-0.026126,0.075595,-0.019694,-0.083815,0.053418,0.051497
0.188670,-0.081920,-0.025000,-0.022514,0.058969,-0.012182,-0.074729,0.050541,0.049261
0.188848,-0.080597,-0.025000,-0.025481,0.071077,-0.016611,-0.081150,0.052843,0.049991
0.189514,-0.079308,-0.025000,-0.025562,0.078982,-0.020863,-0.082905,0.049870,0.047587
0.186346,-0.081156,-0.025000,-0.024779,0.068057,-0.014177,-0.079156,0.052602,0.048690
0.186729,-0.080511,-0.025000,-0.024513,0.070845,-0.017381,-0.078939,0.050392,0.046953
0.183790,-0.082474,-0.025000,-0.023899,0.059534,-0.010808,-0.074333,0.052135,0.048716
0.184120,-0.081491,-0.025000,-0.023851,0.064918,-0.015497,-0.076222,0.050934,0.045887
0.184557,-0.079866,-0.025000,-0.026901,0.078757,-0.019442,-0.083080,0.052548,0.045910
0.181591,-0.082336,-0.025000,-0.023155,0.059936,-0.014379,-0.073833,0.050888,0.045456
0.181929,-0.080844,-0.025000,-0.025843,0.072162,-0.018012,-0.080053,0.052693,0.045965
0.179178,-0.082726,-0.025000,-0.020611,0.055952,-0.010044,-0.070713,0.051212,0.045052
0.179594,-0.081232,-0.025000,-0.023579,0.068105,-0.014249,-0.077310,0.052804,0.045970
0.180298,-0.079818,-0.025000,-0.022844,0.074561,-0.017541,-0.078486,0.050822,0.043127
0.177651,-0.081432,-0.025000,-0.021807,0.065137,-0.012649,-0.074939,0.053363,0.045159
0.178784,-0.080249,-0.025000,-0.021394,0.070176,-0.017063,-0.074668,0.051149,0.042203
0.175876,-0.082393,-0.025000,-0.019560,0.056643,-0.010556,-0.069155,0.052269,0.044318
0.176981,-0.081512,-0.025000,-0.020378,0.061043,-0.016019,-0.069284,0.050885,0.042424
0.177878,-0.079854,-0.025000,-0.023548,0.073037,-0.022074,-0.076354,0.052535,0.042993
0.175113,-0.081768,-0.025000,-0.018879,0.057901,-0.015518,-0.068034,0.050550,0.041259
0.175694,-0.080160,-0.025000,-0.021347,0.069059,-0.020652,-0.074503,0.052533,0.041974
0.172356,-0.082972,-0.025000,-0.019434,0.053007,-0.011533,-0.065410,0.050711,0.041231
0.172863,-0.081276,-0.025000,-0.021447,0.064094,-0.015648,-0.071835,0.052650,0.042294
0.173438,-0.079658,-0.025000,-0.020952,0.072409,-0.017997,-0.073866,0.049489,0.039079
0.170347,-0.081667,-0.025000,-0.020621,0.062485,-0.011970,-0.070199,0.051819,0.040620
0.171023,-0.080496,-0.025000,-0.019676,0.066552,-0.014550,-0.070138,0.049849,0.038887
0.167677,-0.082791,-0.025000,-0.017457,0.052862,-0.008548,-0.065009,0.050970,0.040775
0.168235,-0.081992,-0.025000,-0.018650,0.057447,-0.012652,-0.066205,0.049861,0.038410
0.168752,-0.080549,-0.025000,-0.022780,0.068909,-0.018462,-0.073479,0.052853,0.038395
0.165722,-0.082715,-0.025000,-0.018846,0.054554,-0.011471,-0.065080,0.050066,0.036674
0.166463,-0.081009,-0.025000,-0.021310,0.065235,-0.015463,-0.070892,0.050917,0.038188
0.163391,-0.082917,-0.025000,-0.015411,0.050497,-0.008560,-0.062135,0.049782,0.036921
0.163888,-0.081500,-0.025000,-0.019479,0.062006,-0.011690,-0.068563,0.050790,0.037081
0.164763,-0.079925,-0.025000,-0.021378,0.071638,-0.015191,-0.071827,0.049152,0.034344
0.161841,-0.082123,-0.025000,-0.018598,0.060482,-0.007537,-0.066772,0.050936,0.036134
0.162712,-0.081334,-0.025000,-0.017971,0.062271,-0.012988,-0.067168,0.048555,0.034497
0.159575,-0.083665,-0.025000,-0.015374,0.049923,-0.005939,-0.061318,0.050678,0.035612
0.160528,-0.082909,-0.025000,-0.017484,0.055452,-0.010703,-0.062892,0.049037,0.033788
0.161385,-0.081362,-0.025000,-0.021548,0.067204,-0.014563,-0.069968,0.051556,0.033815
0.158414,-0.084064,-0.025000,-0.017443,0.051736,-0.007366,-0.060012,0.049306,0.032659
0.159384,-0.082171,-0.025000,-0.019189,0.062446,-0.012200,-0.066489,0.051977,0.033006
0.156143,-0.085375,-0.025000,-0.014849,0.044403,-0.005094,-0.055423,0.049050,0.031849
0.156634,-0.083867,-0.025000,-0.018529,0.055390,-0.009885,-0.063393,0.050860,0.032181
0.157726,-0.082501,-0.025000,-0.020298,0.063752,-0.012985,-0.066224,0.049224,0.029717
0.154595,-0.084723,-0.025000,-0.018481,0.053653,-0.006603,-0.061547,0.050783,0.031813
0.155430,-0.083946,-0.025000,-0.018824,0.057002,-0.009873,-0.061724,0.049316,0.029943
0.151752,-0.086610,-0.025000,-0.015317,0.043030,-0.004194,-0.056023,0.051142,0.031539
0.152414,-0.085729,-0.025000,-0.016930,0.048559,-0.007385,-0.057976,0.048895,0.029509
0.153151,-0.083991,-0.025000,-0.020717,0.060353,-0.011046,-0.065747,0.050621,0.029488
0.149773,-0.086587,-0.025000,-0.017107,0.047647,-0.004038,-0.057684,0.048825,0.028121
0.150583,-0.084779,-0.025000,-0.019533,0.057882,-0.008315,-0.064451,0.050830,0.028379
0.147160,-0.087397,-0.025000,-0.013345,0.042108,-0.002290,-0.054741,0.048431,0.029322
0.148121,-0.085499,-0.025000,-0.014934,0.051656,-0.005774,-0.060550,0.051147,0.029436
0.149449,-0.083375,-0.025000,-0.014834,0.060984,-0.008449,-0.063505,0.048498,0.027027
0.146202,-0.085490,-0.025000,-0.011460,0.050282,-0.003518,-0.058719,0.049267,0.027293
0.147110,-0.084263,-0.025000,-0.011236,0.054812,-0.006307,-0.059495,0.048513,0.025408
0.143616,-0.087184,-0.025000,-0.008568,0.041501,-0.000941,-0.052548,0.049142,0.027664
0.144552,-0.086035,-0.025000,-0.009527,0.046866,-0.004725,-0.054725,0.047367,0.026772
0.145682,-0.084427,-0.025000,-0.013557,0.056909,-0.009815,-0.061638,0.048483,0.026101
0.142031,-0.087740,-0.025000,-0.011661,0.043128,-0.003612,-0.053158,0.047741,0.024714
0.143279,-0.085961,-0.025000,-0.015310,0.053707,-0.007801,-0.059593,0.049610,0.024142
0.139432,-0.089405,-0.025000,-0.010637,0.037607,0.000412,-0.048299,0.047034,0.023975
0.140448,-0.087656,-0.025000,-0.015147,0.048987,-0.003115,-0.055604,0.049239,0.023972
0.141633,-0.086322,-0.025000,-0.018381,0.057555,-0.006208,-0.059356,0.047774,0.022193
0.137946,-0.089198,-0.025000,-0.016769,0.046739,-0.000141,-0.054027,0.049441,0.024222
0.139263,-0.087753,-0.025000,-0.017371,0.052841,-0.003854,-0.055455,0.046262,0.022142
0.135328,-0.090645,-0.025000,-0.012338,0.038681,0.001879,-0.047987,0.048206,0.023811
0.136559,-0.088764,-0.025000,-0.011366,0.044947,-0.002213,-0.050768,0.045733,0.022084
0.137887,-0.086644,-0.025000,-0.014064,0.055068,-0.006292,-0.057642,0.047750,0.021275
0.134017,-0.089911,-0.025000,-0.008123,0.038698,-0.001556,-0.047213,0.045715,0.021203
0.135343,-0.087460,-0.025000,-0.008407,0.047817,-0.005879,-0.053845,0.047970,0.021916
0.131948,-0.090590,-0.025000,-0.002041,0.031852,-0.000507,-0.041855,0.045660,0.022758
0.133142,-0.088080,-0.025000,-0.003909,0.042692,-0.004079,-0.050028,0.047563,0.023007
0.134737,-0.086349,-0.025000,-0.007766,0.052272,-0.007117,-0.054514,0.046192,0.020032
0.130847,-0.089444,-0.025000,-0.005811,0.041234,-0.000192,-0.047912,0.047876,0.019961
0.132151,-0.088133,-0.025000,-0.006688,0.046477,-0.002345,-0.048806,0.046276,0.019330
0.128198,-0.091062,-0.025000,-0.002664,0.033856,0.002113,-0.042204,0.047177,0.021617
0.128746,-0.089629,-0.025000,-0.003558,0.039863,-0.000280,-0.045559,0.046253,0.018619
0.130279,-0.087901,-0.025000,-0.007933,0.049460,-0.003806,-0.052090,0.047637,0.018055
0.125807,-0.091908,-0.025000,-0.004621,0.033654,-0.000106,-0.043129,0.046084,0.018850
0.127028,-0.089999,-0.025000,-0.007675,0.042939,-0.003112,-0.049677,0.047061,0.018547
0.122958,-0.093773,-0.025000,-0.004356,0.028759,0.002358,-0.038939,0.045725,0.019120
0.124278,-0.091444,-0.025000,-0.006431,0.038531,-0.000560,-0.046370,0.046832,0.017559
0.125342,-0.090120,-0.025000,-0.006737,0.043731,-0.001903,-0.047390,0.045217,0.015614
0.122138,-0.092249,-0.025000,-0.004141,0.036221,0.003626,-0.042712,0.046650,0.016879
0.123794,-0.090422,-0.025000,-0.004582,0.042601,0.000182,-0.045312,0.044675,0.016435
0.119764,-0.093509,-0.025000,0.000523,0.029499,0.003522,-0.037832,0.045829,0.018087
0.121484,-0.091973,-0.025000,-0.000714,0.035053,-0.000349,-0.039800,0.043332,0.016630
0.118838,-0.093628,-0.025000,0.002988,0.028368,0.002897,-0.035895,0.044665,0.018094
0.119650,-0.092705,-0.025000,0.000603,0.033216,0.000677,-0.038578,0.044022,0.015375
0.121330,-0.090662,-0.025000,-0.003531,0.043154,-0.002964,-0.045874,0.045880,0.015265
0.117710,-0.094034,-0.025000,-0.000181,0.031363,0.002246,-0.037005,0.042677,0.015640
0.119756,-0.091123,-0.025000,-0.001231,0.041388,-0.000790,-0.043415,0.044606,0.014549
0.116243,-0.094017,-0.025000,0.006302,0.027350,0.002353,-0.032283,0.043005,0.015777
0.116821,-0.092521,-0.025000,0.002385,0.035614,0.001475,-0.039758,0.044490,0.014627
0.117906,-0.091469,-0.025000,-0.002103,0.042907,0.000566,-0.042846,0.042596,0.012219
0.113424,-0.094760,-0.025000,0.000607,0.031294,0.004346,-0.037363,0.043965,0.014032
0.114635,-0.093587,-0.025000,-0.000383,0.036390,0.000471,-0.040573,0.042431,0.012261
0.110497,-0.095606,-0.025000,0.003992,0.023953,0.003936,-0.032887,0.043471,0.013273
0.112164,-0.093532,-0.025000,0.003793,0.030753,0.001517,-0.036206,0.041161,0.012612
0.114015,-0.090911,-0.025000,0.002476,0.041349,0.000450,-0.043811,0.043460,0.012175
0.109556,-0.093113,-0.025000,0.007582,0.027364,0.003284,-0.034623,0.040768,0.013080
0.111103,-0.091794,-0.025000,0.004652,0.036863,0.003275,-0.040520,0.042740,0.013611
0.106484,-0.094912,-0.025000,0.008450,0.022600,0.006697,-0.030264,0.040603,0.013271
0.108162,-0.093415,-0.025000,0.005716,0.031822,0.004747,-0.037388,0.042468,0.012783
0.110040,-0.091910,-0.025000,0.003196,0.040907,0.002710,-0.042849,0.042008,0.009982
0.106296,-0.093527,-0.025000,0.007789,0.029885,0.005998,-0.035530,0.042743,0.011114
0.108146,-0.092640,-0.025000,0.006357,0.034483,0.001548,-0.036769,0.040877,0.010582
0.103802,-0.095049,-0.025000,0.011402,0.020350,0.003013,-0.026825,0.041837,0.011402
0.105786,-0.093838,-0.025000,0.008906,0.028094,0.000763,-0.031108,0.040177,0.009419
0.107845,-0.092122,-0.025000,0.006557,0.037049,-0.000953,-0.037337,0.042533,0.008562
0.103969,-0.094371,-0.025000,0.010742,0.024980,0.001636,-0.028638,0.039587,0.010013
0.106295,-0.091930,-0.025000,0.009629,0.033973,0.000008,-0.034870,0.041360,0.010233
0.101817,-0.094411,-0.025000,0.015473,0.018905,0.003262,-0.022600,0.039309,0.009601
0.104008,-0.092435,-0.025000,0.013286,0.028222,0.001026,-0.029855,0.041048,0.010007
0.105831,-0.091485,-0.025000,0.010714,0.035052,-0.000114,-0.033600,0.039389,0.008851
0.101597,-0.093950,-0.025000,0.014061,0.024292,0.002714,-0.027113,0.039880,0.010640
0.103093,-0.092905,-0.025000,0.012464,0.029839,0.000686,-0.030982,0.039163,0.010292
0.097865,-0.096177,-0.025000,0.016468,0.016183,0.004321,-0.021354,0.039897,0.011277
0.098771,-0.095900,-0.025000,0.013482,0.022081,0.002291,-0.026596,0.038712,0.009048
0.099843,-0.095277,-0.025000,0.009660,0.030516,0.002336,-0.034392,0.039747,0.007596
0.094455,-0.099759,-0.025000,0.010518,0.018878,0.006753,-0.027006,0.038634,0.007457
0.095535,-0.099202,-0.025000,0.006730,0.027268,0.007344,-0.034772,0.040302,0.006704
0.090349,-0.102778,-0.025000,0.010702,0.013500,0.009299,-0.023191,0.037635,0.008338
0.091934,-0.101664,-0.025000,0.007734,0.022125,0.009605,-0.029954,0.038862,0.007218
0.093860,-0.099180,-0.025000,0.007183,0.030592,0.008289,-0.036722,0.037427,0.005077
0.089556,-0.100906,-0.025000,0.013409,0.018071,0.008719,-0.027169,0.039400,0.006594
0.091878,-0.098780,-0.025000,0.013783,0.023674,0.005584,-0.028939,0.037005,0.005349
0.087883,-0.099724,-0.025000,0.020889,0.012468,0.006887,-0.019737,0.037891,0.007649
0.090152,-0.098221,-0.025000,0.019055,0.019704,0.005451,-0.024654,0.036037,0.006607
0.092565,-0.095919,-0.025000,0.017709,0.028433,0.004928,-0.031709,0.037870,0.006336
0.088106,-0.099011,-0.025000,0.021671,0.016088,0.006185,-0.021315,0.036298,0.006036
0.090561,-0.096681,-0.025000,0.020447,0.024827,0.007040,-0.027980,0.037823,0.005143
0.085804,-0.099386,-0.025000,0.025882,0.011542,0.007783,-0.015712,0.035829,0.006010
0.087692,-0.097364,-0.025000,0.024507,0.019627,0.007376,-0.023460,0.037490,0.005292
0.089816,-0.096516,-0.025000,0.021338,0.027142,0.006854,-0.029182,0.036252,0.004344
0.085074,-0.099355,-0.025000,0.025632,0.015616,0.008632,-0.020356,0.036014,0.005589
0.086820,-0.099057,-0.025000,0.023234,0.020210,0.004767,-0.023694,0.035094,0.005301
0.082082,-0.100914,-0.025000,0.029807,0.007822,0.004782,-0.013804,0.034827,0.007007
0.083969,-0.099185,-0.025000,0.028657,0.014810,0.003222,-0.020413,0.033003,0.006445
0.086298,-0.096400,-0.025000,0.028223,0.023680,0.004773,-0.028838,0.035586,0.005496
0.081348,-0.099735,-0.024995,0.031789,0.012104,0.006872,-0.019337,0.033827,0.007641
0.083294,-0.098197,-0.025000,0.030152,0.019698,0.008443,-0.026574,0.034357,0.006366
0.077773,-0.099862,-0.024295,0.030193,0.008415,0.006770,-0.014116,0.033010,0.007695
0.079642,-0.100490,-0.024637,0.028433,0.015443,0.009666,-0.021310,0.033742,0.006815
0.081864,-0.100870,-0.024976,0.027024,0.022261,0.011100,-0.028160,0.033583,0.003567
0.077063,-0.099795,-0.024124,0.028301,0.014252,0.009539,-0.019583,0.034703,0.004298
0.078757,-0.100231,-0.024290,0.026784,0.018766,0.007723,-0.022861,0.033614,0.003145
0.073025,-0.099451,-0.023212,0.027577,0.007829,0.004107,-0.010198,0.033659,0.004701
0.074855,-0.099724,-0.023471,0.026389,0.013855,0.003345,-0.017770,0.031549,0.004213
0.077239,-0.099067,-0.023772,0.026913,0.020449,0.006080,-0.024861,0.033822,0.003535
0.072680,-0.098397,-0.022888,0.027360,0.012168,0.004829,-0.014970,0.033351,0.005057
0.075273,-0.097370,-0.023162,0.028455,0.018374,0.005584,-0.021703,0.033979,0.003967
0.070669,-0.096557,-0.022227,0.029038,0.009415,0.003966,-0.010106,0.031621,0.005213
0.073245,-0.095735,-0.022531,0.029829,0.016077,0.004844,-0.018448,0.032652,0.004532
0.075740,-0.095699,-0.022797,0.029144,0.022532,0.007423,-0.024840,0.030727,0.002580
0.071350,-0.094316,-0.021948,0.030861,0.014583,0.005501,-0.015520,0.032121,0.004074
0.073718,-0.094767,-0.022055,0.029337,0.018656,0.003255,-0.018020,0.030907,0.002752
0.076064,-0.094561,-0.022336,0.029050,0.024024,0.003369,-0.024285,0.032339,0.003072
0.071469,-0.094084,-0.021355,0.029122,0.014214,-0.001083,-0.012236,0.030653,0.003049
0.074020,-0.093648,-0.021529,0.029170,0.019672,-0.000298,-0.017715,0.030833,0.003327
0.069084,-0.092930,-0.020502,0.029630,0.009520,-0.005150,-0.005544,0.029616,0.003593
0.070851,-0.091999,-0.020661,0.030550,0.015301,-0.000971,-0.013303,0.031226,0.003119
0.072714,-0.092203,-0.020800,0.029432,0.020897,0.002813,-0.019255,0.029570,0.001715
0.067560,-0.091895,-0.019938,0.029458,0.013307,0.002286,-0.010689,0.030137,0.002831
0.068526,-0.092891,-0.020052,0.027217,0.018718,0.005359,-0.018652,0.029098,0.001232
0.063749,-0.092239,-0.019220,0.027769,0.011242,0.004592,-0.009687,0.029835,0.002860
0.065327,-0.092873,-0.019293,0.026030,0.015687,0.005284,-0.016197,0.029037,0.002356
0.067023,-0.092504,-0.019419,0.026078,0.021075,0.007374,-0.023260,0.030081,0.000999
0.062932,-0.092020,-0.018559,0.026240,0.012876,0.002680,-0.012769,0.028747,0.003321
0.065413,-0.091505,-0.018665,0.026531,0.017987,0.003604,-0.018426,0.029322,0.002495
0.061475,-0.090776,-0.017836,0.027087,0.010434,0.000384,-0.008359,0.026279,0.004583
0.063928,-0.090046,-0.017967,0.027700,0.016195,0.003644,-0.015331,0.027262,0.002887
0.066301,-0.089981,-0.018059,0.027124,0.021399,0.006440,-0.020561,0.028188,0.002206
0.062830,-0.088383,-0.017352,0.029105,0.015317,0.004576,-0.012940,0.029146,0.002956
0.065091,-0.087586,-0.017349,0.029704,0.019073,0.003983,-0.016469,0.027579,0.001940
0.062857,-0.086002,-0.016796,0.031514,0.014758,0.001443,-0.010279,0.027792,0.002690
0.063401,-0.085191,-0.016600,0.031974,0.015939,-0.000767,-0.012577,0.025487,0.001304
0.065585,-0.084153,-0.016627,0.032905,0.020546,0.001423,-0.018410,0.026748,0.001859
0.061463,-0.083925,-0.015865,0.032522,0.013830,-0.002213,-0.010573,0.025404,0.001283
0.063238,-0.083514,-0.015850,0.032426,0.017982,0.000270,-0.016342,0.027179,0.001679
0.064117,-0.085038,-0.015833,0.029287,0.021138,0.002414,-0.020375,0.026128,0.000654
0.059681,-0.084869,-0.015144,0.028985,0.015689,0.002417,-0.013995,0.026055,0.001424
0.060548,-0.086317,-0.015054,0.025967,0.019006,0.005193,-0.018182,0.025058,0.000891
0.055960,-0.085911,-0.014326,0.026040,0.012706,0.002369,-0.010723,0.025715,0.001899
0.056747,-0.086707,-0.014244,0.024136,0.016197,0.004596,-0.016192,0.025916,0.000792
0.058036,-0.086051,-0.014205,0.024495,0.020235,0.007708,-0.022052,0.027361,-0.000406
0.053935,-0.085258,-0.013539,0.025049,0.014661,0.004052,-0.015359,0.024976,0.000707
0.055192,-0.085365,-0.013477,0.024291,0.018417,0.007433,-0.020354,0.024461,-0.000558
0.050900,-0.085632,-0.012811,0.023270,0.012684,0.004170,-0.012450,0.023674,0.000936
0.052006,-0.086360,-0.012756,0.021589,0.016556,0.007338,-0.018011,0.023694,-0.000190
0.053407,-0.086475,-0.012641,0.020677,0.019250,0.007292,-0.021411,0.023122,-0.000425
0.050245,-0.085441,-0.012088,0.021587,0.015058,0.005767,-0.015094,0.024593,0.000043
0.052288,-0.084673,-0.011980,0.021986,0.017827,0.005072,-0.018314,0.022724,-0.000121
0.054442,-0.083497,-0.012005,0.023022,0.021324,0.006845,-0.023067,0.023539,-0.001258
0.051801,-0.081907,-0.011425,0.024577,0.016340,0.001108,-0.015246,0.023880,-0.000089
0.054096,-0.079564,-0.011354,0.027226,0.019797,0.003548,-0.019695,0.024597,-0.000962
0.051313,-0.077586,-0.010734,0.029216,0.014246,-0.002085,-0.008833,0.021764,0.001060
0.053339,-0.075269,-0.010658,0.031723,0.017766,0.000734,-0.014442,0.021685,0.000051
0.055128,-0.074354,-0.010569,0.031972,0.020949,0.004061,-0.020479,0.022379,-0.000686
0.052940,-0.072238,-0.010126,0.034150,0.017906,0.002247,-0.015460,0.024013,-0.001185
0.054675,-0.072589,-0.009996,0.032527,0.020193,0.002907,-0.018037,0.022273,-0.000565
0.052212,-0.071042,-0.009552,0.033809,0.016904,0.000720,-0.012883,0.022157,-0.000346
0.053117,-0.071825,-0.009415,0.031564,0.019034,0.003608,-0.016937,0.020932,-0.000230
0.054270,-0.071369,-0.009338,0.031248,0.022176,0.007520,-0.023804,0.021711,-0.001278
0.050731,-0.071434,-0.008844,0.030134,0.017882,0.002719,-0.017605,0.021031,0.000599
0.051203,-0.071735,-0.008699,0.028743,0.019850,0.005047,-0.021477,0.020663,-0.001414
0.047486,-0.072359,-0.008196,0.026841,0.015391,0.000884,-0.013476,0.020391,-0.000295
0.048108,-0.072477,-0.008064,0.025751,0.017586,0.004568,-0.018222,0.021251,-0.001741
0.048696,-0.073219,-0.007927,0.023696,0.019681,0.008745,-0.022521,0.021842,-0.001086
0.046378,-0.072231,-0.007580,0.024167,0.017560,0.008220,-0.018463,0.021183,-0.001550
0.046892,-0.072268,-0.007412,0.023082,0.018624,0.008404,-0.020056,0.020103,-0.001608
0.045063,-0.071332,-0.007124,0.023459,0.017027,0.006882,-0.017366,0.019992,-0.001846
0.045240,-0.070928,-0.006940,0.022983,0.017477,0.005917,-0.018628,0.019588,-0.001111
0.046304,-0.069994,-0.006841,0.023293,0.019514,0.008983,-0.023584,0.019931,-0.001817
0.043987,-0.068416,-0.006477,0.024389,0.016515,0.004914,-0.017595,0.018770,-0.000352
0.045065,-0.066328,-0.006354,0.026218,0.017996,0.006361,-0.021399,0.019706,-0.001418
0.045934,-0.065713,-0.006230,0.025955,0.018731,0.006016,-0.022703,0.020821,-0.001256
0.044151,-0.064691,-0.005947,0.026293,0.016950,0.003728,-0.019483,0.021283,-0.002042
0.045000,-0.064394,-0.005801,0.025514,0.017915,0.006624,-0.020676,0.018543,-0.001477
0.042801,-0.063233,-0.005532,0.026029,0.016244,0.005789,-0.017319,0.018827,-0.001389
0.043336,-0.063255,-0.005418,0.024812,0.017480,0.009019,-0.019778,0.018896,-0.001057
0.043670,-0.064702,-0.005337,0.021900,0.019161,0.014370,-0.024975,0.018976,-0.001811
0.041055,-0.066528,-0.005082,0.018488,0.017195,0.011154,-0.020787,0.017179,-0.002948
0.041487,-0.066568,-0.004983,0.017406,0.018253,0.013630,-0.023737,0.017252,-0.001461
0.039285,-0.064843,-0.004714,0.018664,0.015751,0.006887,-0.017638,0.017423,-0.002497
0.039830,-0.062931,-0.004602,0.020135,0.016530,0.007956,-0.020885,0.018675,-0.002538
0.040391,-0.060708,-0.004452,0.021908,0.016531,0.006084,-0.020731,0.017814,-0.003282
0.038679,-0.057707,-0.004228,0.024710,0.015032,0.004921,-0.017747,0.017898,-0.002598
0.039351,-0.056677,-0.004099,0.024868,0.015386,0.005331,-0.019639,0.017205,-0.002059
0.038494,-0.054649,-0.003937,0.026390,0.014871,0.006380,-0.018427,0.017056,-0.001378
0.039749,-0.054280,-0.003875,0.025660,0.016226,0.011908,-0.022179,0.014689,-0.002357
0.041323,-0.053347,-0.003836,0.025677,0.017760,0.017681,-0.026706,0.015394,-0.003695
0.040221,-0.052791,-0.003669,0.025164,0.016461,0.015199,-0.021867,0.014478,-0.001574
0.041743,-0.053297,-0.003615,0.023429,0.017345,0.015261,-0.024345,0.015091,-0.001818
0.040542,-0.055047,-0.003433,0.020057,0.015554,0.007788,-0.017722,0.015307,-0.000572
0.040951,-0.054960,-0.003343,0.019044,0.015851,0.007978,-0.019684,0.016764,-0.001804
0.040517,-0.053924,-0.003213,0.019187,0.015425,0.006107,-0.019778,0.016944,-0.001013
0.038872,-0.052412,-0.003070,0.019964,0.014703,0.007277,-0.019110,0.017213,-0.002275
0.038356,-0.052281,-0.002956,0.018999,0.014539,0.007894,-0.020986,0.013995,-0.001877
0.036886,-0.051605,-0.002832,0.018750,0.014010,0.009583,-0.020390,0.013267,-0.002300
0.036898,-0.051632,-0.002748,0.017568,0.014168,0.012054,-0.020563,0.013727,-0.002053
0.037338,-0.050900,-0.002705,0.017400,0.015048,0.017871,-0.024867,0.013835,-0.003231
0.035884,-0.050762,-0.002591,0.016459,0.014257,0.016618,-0.021902,0.013724,-0.001297
0.035600,-0.049430,-0.002537,0.017019,0.014634,0.019534,-0.025506,0.013464,-0.003175
0.033220,-0.048550,-0.002394,0.017009,0.013082,0.013149,-0.020835,0.011889,-0.001875
0.032883,-0.046500,-0.002326,0.018440,0.013153,0.013666,-0.023463,0.013439,-0.003334
0.032438,-0.044809,-0.002234,0.019353,0.012707,0.011351,-0.022670,0.014326,-0.002788
0.030622,-0.042569,-0.002112,0.020968,0.011671,0.009483,-0.019941,0.014687,-0.003532
0.030600,-0.043536,-0.002032,0.018645,0.011482,0.008492,-0.020364,0.013015,-0.002811
0.029938,-0.043396,-0.001958,0.017737,0.011299,0.009997,-0.021018,0.012677,-0.003822
0.030537,-0.043757,-0.001909,0.016153,0.011566,0.013692,-0.021771,0.011572,-0.003076
0.031595,-0.043354,-0.001883,0.015527,0.012211,0.019202,-0.025179,0.012116,-0.003932
0.030840,-0.043632,-0.001809,0.014109,0.011683,0.018445,-0.022080,0.011771,-0.002737
0.030474,-0.042892,-0.001769,0.013916,0.011840,0.020469,-0.024654,0.011990,-0.003060
0.028276,-0.042264,-0.001669,0.013606,0.010677,0.014792,-0.020396,0.011637,-0.002431
0.028248,-0.040761,-0.001617,0.014328,0.010568,0.014880,-0.020964,0.011382,-0.001811
0.028122,-0.040673,-0.001553,0.013379,0.010214,0.012288,-0.020931,0.010706,-0.002182
0.027386,-0.039656,-0.001478,0.013534,0.009593,0.009343,-0.019472,0.010510,-0.001244
0.028272,-0.039181,-0.001427,0.013033,0.009501,0.009699,-0.018209,0.010391,-0.002282
0.028641,-0.038226,-0.001381,0.013114,0.009419,0.011085,-0.017833,0.011621,-0.001988
0.030051,-0.038456,-0.001360,0.011751,0.009820,0.014581,-0.020773,0.011341,-0.002734
0.031996,-0.037908,-0.001356,0.011348,0.010457,0.019599,-0.024210,0.012991,-0.002414
0.032450,-0.038149,-0.001320,0.010048,0.010329,0.019936,-0.021802,0.012094,-0.002848
0.032311,-0.035877,-0.001293,0.011636,0.010404,0.022038,-0.023672,0.011448,-0.002339
0.030882,-0.033486,-0.001232,0.013384,0.009684,0.017720,-0.020309,0.009940,-0.001152
0.029755,-0.032313,-0.001187,0.013748,0.009372,0.016618,-0.020788,0.009450,-0.001908
0.027639,-0.032219,-0.001109,0.012837,0.008374,0.009835,-0.017570,0.008839,-0.000478
0.025683,-0.031330,-0.001048,0.012880,0.007804,0.007590,-0.017861,0.009051,-0.001752
0.024650,-0.030719,-0.001004,0.012561,0.007592,0.010080,-0.017835,0.008610,-0.001250
0.023078,-0.029415,-0.000959,0.013065,0.007312,0.011811,-0.018761,0.009155,-0.002022
0.023153,-0.028168,-0.000947,0.013462,0.007703,0.019887,-0.021568,0.008622,-0.002128
0.022142,-0.026938,-0.000924,0.013856,0.007725,0.023854,-0.023530,0.009514,-0.001962
0.021211,-0.024891,-0.000892,0.015169,0.007475,0.022951,-0.022726,0.008642,-0.002345
0.021410,-0.024111,-0.000875,0.015084,0.007496,0.023689,-0.023408,0.008742,-0.002870
0.020467,-0.024024,-0.000829,0.014217,0.006863,0.017467,-0.018912,0.008471,-0.002623
0.020371,-0.024294,-0.000797,0.012946,0.006621,0.015488,-0.018114,0.008009,-0.002213
0.020124,-0.025027,-0.000760,0.011179,0.006232,0.011585,-0.016361,0.008080,-0.002691
0.019709,-0.025642,-0.000728,0.009563,0.006003,0.010935,-0.016003,0.009211,-0.002585
0.018906,-0.025272,-0.000694,0.009046,0.005709,0.009727,-0.015958,0.008996,-0.002496
0.018752,-0.023799,-0.000676,0.009764,0.005745,0.012795,-0.017835,0.008199,-0.002165
0.018737,-0.022258,-0.000659,0.010562,0.005778,0.016271,-0.018238,0.006754,-0.003092
0.019250,-0.020658,-0.000655,0.011425,0.006030,0.020467,-0.021543,0.006650,-0.002614
0.018343,-0.020008,-0.000624,0.011261,0.005665,0.018497,-0.018127,0.006645,-0.003133
0.018582,-0.020587,-0.000612,0.009748,0.005673,0.018850,-0.019106,0.007039,-0.002759
0.018663,-0.021334,-0.000590,0.008064,0.005454,0.015673,-0.017567,0.007378,-0.002803
0.017929,-0.022106,-0.000559,0.006371,0.005062,0.011554,-0.016002,0.006781,-0.001674
0.017659,-0.022579,-0.000527,0.005036,0.004650,0.007175,-0.012798,0.005951,-0.002314
0.017549,-0.023022,-0.000504,0.003720,0.004448,0.006002,-0.011916,0.005938,-0.000946
0.018104,-0.023908,-0.000489,0.001950,0.004427,0.007139,-0.012044,0.006177,-0.001951
0.019366,-0.024698,-0.000492,0.000285,0.004770,0.012320,-0.016335,0.007187,-0.001995
0.019050,-0.024333,-0.000477,-0.000094,0.004706,0.014209,-0.016015,0.006760,-0.002359
0.018833,-0.022470,-0.000474,0.001158,0.004886,0.019264,-0.019135,0.006481,-0.002759
0.018242,-0.020335,-0.000457,0.002738,0.004705,0.018308,-0.017501,0.005657,-0.002218
0.016993,-0.018800,-0.000434,0.003672,0.004413,0.016832,-0.015356,0.004384,-0.002325
0.015623,-0.017078,-0.000400,0.004822,0.003866,0.010472,-0.011351,0.005103,-0.000697
0.014003,-0.015303,-0.000371,0.006039,0.003450,0.006771,-0.010050,0.004931,-0.001276
0.013075,-0.013751,-0.000350,0.006997,0.003217,0.005747,-0.009725,0.003966,-0.000359
0.012117,-0.012841,-0.000334,0.007254,0.003121,0.006961,-0.011394,0.005264,-0.000921
0.011533,-0.012648,-0.000324,0.006732,0.003137,0.010642,-0.012518,0.004880,-0.000803
0.011244,-0.012721,-0.000321,0.005920,0.003281,0.015626,-0.015029,0.005698,-0.001248
0.010985,-0.012966,-0.000315,0.004949,0.003307,0.016992,-0.016574,0.004562,-0.000943
0.010514,-0.013369,-0.000306,0.003838,0.003247,0.017550,-0.016333,0.004929,-0.001384
0.010495,-0.012120,-0.000293,0.004532,0.003076,0.014378,-0.015534,0.004052,-0.001156
0.010561,-0.011653,-0.000280,0.004391,0.002931,0.012560,-0.013978,0.004572,-0.000886
0.010236,-0.010925,-0.000259,0.004561,0.002593,0.007657,-0.010517,0.004811,-0.001018
0.010479,-0.010104,-0.000250,0.004822,0.002546,0.008270,-0.009645,0.004128,-0.001222
0.009789,-0.009023,-0.000234,0.005384,0.002333,0.007053,-0.007863,0.004794,-0.002056
0.009612,-0.008519,-0.000226,0.005308,0.002316,0.008054,-0.009116,0.004659,-0.001020
0.009245,-0.008167,-0.000217,0.005087,0.002260,0.008909,-0.009265,0.005688,-0.001495
0.008872,-0.007430,-0.000212,0.005290,0.002280,0.010935,-0.010894,0.005385,-0.001038
0.009054,-0.007731,-0.000209,0.004392,0.002315,0.012342,-0.011511,0.003410,-0.001741
0.008789,-0.008803,-0.000199,0.002687,0.002209,0.011282,-0.010702,0.003994,-0.001670
0.008836,-0.009573,-0.000190,0.001313,0.002089,0.008863,-0.010330,0.001804,-0.000655
0.009195,-0.009863,-0.000185,0.000478,0.002062,0.008267,-0.010383,0.001902,-0.001027
0.008757,-0.010013,-0.000168,-0.000172,0.001781,0.004875,-0.006321,0.002022,-0.000709
0.008922,-0.010333,-0.000161,-0.001006,0.001728,0.003999,-0.006592,0.003381,-0.001632
0.008407,-0.010120,-0.000151,-0.001263,0.001599,0.003553,-0.005606,0.002284,-0.000518
0.008210,-0.009777,-0.000143,-0.001362,0.001522,0.003278,-0.005290,0.001561,-0.001649
0.008689,-0.008399,-0.000147,-0.001375,0.001735,0.009057,-0.007711,0.000778,-0.000372
0.008059,-0.007793,-0.000141,-0.000173,0.001696,0.009716,-0.008757,0.000964,-0.000740
0.007378,-0.006849,-0.000129,0.001529,0.001503,0.008003,-0.006197,0.002208,-0.000024
0.007085,-0.006329,-0.000125,0.002000,0.001498,0.008164,-0.008066,0.002377,0.000146
0.006062,-0.005748,-0.000110,0.002867,0.001240,0.005163,-0.005186,0.002952,-0.000579
0.005376,-0.003949,-0.000101,0.002308,0.001100,0.004061,-0.004629,0.002706,0.000145
0.004661,-0.004800,-0.000093,0.003763,0.000995,0.002442,-0.005535,0.002431,-0.000767
0.003820,-0.003521,-0.000084,0.002019,0.000889,0.002364,-0.005344,0.001909,-0.000623
0.003199,-0.003978,-0.000075,0.001180,0.000760,0.003059,-0.001699,0.000177,-0.000614
0.003181,-0.003485,-0.000075,0.001356,0.000835,0.005404,-0.003324,0.001110,-0.000835
0.002906,-0.003532,-0.000074,0.000963,0.000874,0.006163,-0.006136,0.000564,-0.001463
0.003084,-0.003426,-0.000073,0.000754,0.000900,0.007609,-0.005896,0.001086,-0.001024
-0.000134,-0.002748,-0.000750,0.001239,0.003890,-0.006830,0.003128,0.000310,-0.000371
0.000221,-0.002817,-0.000704,0.000868,0.003899,-0.006549,0.003706,0.000446,0.000075
0.002606,-0.002446,-0.000054,0.000936,0.000628,0.004142,-0.002691,0.000739,-0.001176
0.002376,-0.002029,-0.000048,0.001113,0.000516,0.002124,-0.002206,0.000549,-0.000549
0.002345,-0.002340,-0.000044,0.000523,0.000471,0.000072,-0.004029,0.001550,-0.000767
0.002361,-0.002161,-0.000041,0.000470,0.000429,0.000023,-0.003178,0.001217,-0.000286
0.002654,-0.002593,-0.000037,-0.000210,0.000396,0.000797,-0.000126,0.001625,-0.001309
0.002754,-0.002306,-0.000036,-0.000135,0.000416,0.001616,-0.000879,0.001068,-0.000437
0.002817,-0.001840,-0.000037,0.000149,0.000472,0.003559,-0.001595,0.001105,-0.000775
0.001747,-0.001416,-0.000023,0.000421,0.002027,-0.001793,0.000437,0.000187,-0.000213
0.001037,-0.001106,-0.000346,0.000584,0.002312,-0.004189,0.002745,0.001444,-0.000212
0.002412,-0.001262,-0.000030,0.000750,0.000415,0.003293,-0.002566,0.001203,0.000206
0.002222,-0.000950,-0.000028,0.000377,0.000407,0.003748,-0.001916,0.001771,-0.000159
0.001913,-0.000756,-0.000023,0.001620,0.000298,0.002415,-0.000833,0.001594,0.000242
0.001327,0.000019,-0.000014,0.001134,0.000126,-0.001473,-0.000287,0.001385,-0.000379
0.001435,-0.000187,-0.000018,0.000773,0.000228,0.000938,-0.002224,0.001255,-0.000635
0.000963,-0.000163,-0.000012,0.000689,0.000127,0.000778,0.000801,-0.000130,-0.000628
0.000733,-0.000403,-0.000011,0.000320,0.000141,0.001618,0.000226,0.001130,-0.000434
0.000584,-0.000485,-0.000013,0.000120,0.000193,0.002313,-0.002393,-0.000247,-0.000499
-0.000294,-0.000845,-0.000098,-0.000337,0.000586,-0.000806,-0.000091,0.000820,-0.000611
-0.000385,-0.000980,-0.000083,-0.000571,0.000756,-0.000461,-0.000332,-0.001177,0.000064
-0.000278,-0.001053,-0.000005,-0.000726,0.000050,0.000177,-0.001532,0.000316,-0.000486
-0.000340,-0.000684,-0.000001,-0.001453,-0.000011,0.000425,0.001416,-0.001099,-0.000156
-0.000417,-0.001089,-0.000001,-0.000881,-0.000012,0.000612,0.001459,0.000471,-0.000013
-0.000503,-0.000453,-0.000002,-0.001001,0.000008,0.000080,-0.001143,-0.000960,0.000712
-0.000408,-0.000382,-0.000004,-0.000898,0.000078,0.001725,-0.001879,-0.000227,0.000202
-0.000455,-0.000309,-0.000001,-0.000717,0.000016,0.001339,0.000481,-0.000703,-0.000030
-0.000439,-0.000238,0.000000,-0.000546,0.000322,0.001288,0.001074,-0.000221,0.000080
-0.000496,-0.000624,-0.000001,-0.000593,0.000045,0.000650,-0.000307,-0.000231,0.000704
-0.000359,-0.000555,-0.000009,-0.000541,0.000580,0.000224,-0.000760,-0.000701,-0.000041
-0.000405,-0.000295,-0.000000,-0.000282,0.000001,0.000198,-0.000881,0.000729,0.000695
-0.000366,0.000010,-0.000002,0.000106,0.000388,0.000313,-0.000910,-0.000242,0.000465
-0.000311,0.000126,0.000005,0.000558,-0.000064,-0.000963,0.000934,0.000832,0.001072
-0.000363,0.000104,0.000004,0.000450,-0.000054,-0.000936,0.000275,-0.000143,0.000024
-0.000210,0.000134,0.000000,0.000515,-0.000001,-0.000025,-0.000791,0.000106,0.001074
-0.000293,0.000093,0.000001,0.000378,-0.000030,-0.000356,0.000022,-0.000036,0.000034
-0.000421,0.000155,0.000005,0.000174,-0.000125,-0.002520,0.001414,0.001267,0.000915
-0.000258,0.000189,0.000004,0.000781,-0.000096,-0.001496,0.001585,0.000083,0.000158
